slot_id	e_cpy	e_jz	gap	cpy_occurrences	jz_occurrences	cpy_unique_fids	jz_unique_fids
1	1.6516313952	1.6938586437	-0.0422272485	500	500	18	22
2	3.6473647249	3.6462091496	0.0011555753	500	500	17	18
3	4.3016003491	4.3179581164	-0.0163577673	500	500	33	34
4	4.2151866232	4.2403873619	-0.0252007387	500	500	19	20
5	2.6848017435	2.7430698865	-0.0582681431	500	500	41	44
6	3.0585525847	3.1238581838	-0.0653055991	500	500	19	18
7	3.9278048094	3.8520588587	0.0757459507	500	500	24	24
8	4.1756520729	4.1802452098	-0.0045931369	500	500	20	20
9	4.3039268494	4.3379630541	-0.0340362047	500	500	28	31
10	4.3373858238	4.3592617924	-0.0218759686	500	500	21	21
11	2.2655292779	2.2113972806	0.0541319973	500	500	29	26
12	2.2739903671	2.3355280975	-0.0615377304	500	500	16	17
13	0.4501973135	0.4366845328	0.0135127807	500	500	10	10
14	0.8368162866	0.9655048832	-0.1286885966	500	500	11	12
15	5.4328144931	5.5110174252	-0.0782029321	500	500	60	67
16	4.2617092780	4.2428676812	0.0188415968	500	500	20	20
17	0.0000000000	0.0000000000	0.0000000000	500	500	1	1
18	4.2617092780	4.2428676812	0.0188415968	500	500	20	20
19	5.7266742003	5.5768339216	0.1498402787	500	500	88	87
20	4.1395487784	4.0960363851	0.0435123933	500	500	21	21
21	0.0000000000	0.0000000000	0.0000000000	500	500	1	1
22	4.1395487784	4.0960363851	0.0435123933	500	500	21	21
23	4.0310902995	4.0292803660	0.0018099335	500	500	22	22
24	3.7003451068	3.6703523045	0.0299928023	500	500	15	14
25	0.0000000000	0.0000000000	0.0000000000	500	500	1	1
27	5.0929331103	5.1055994625	-0.0126663522	500	500	47	54
28	4.2417854543	4.2489987559	-0.0072133015	500	500	20	20
29	5.6520527706	5.5883788448	0.0636739259	500	500	83	79
30	4.3438566401	4.3477349830	-0.0038783430	500	500	21	21
31	4.3260923008	4.3385807927	-0.0124884919	500	500	30	31
32	4.3076918275	4.3065473421	0.0011444854	500	500	21	21
33	6.3644485030	6.2725611515	0.0918873515	500	500	96	94
34	4.3459571554	4.3154122554	0.0305449000	500	500	21	21
35	5.1885748362	4.9761841772	0.2123906590	500	500	85	80
36	3.8488131115	3.7472564119	0.1015566996	500	500	21	21
37	2.7975393313	2.7168307360	0.0807085953	500	500	12	12
38	0.5293608653	0.6048125901	-0.0754517248	500	500	2	2
39	3.1401789044	2.9135884704	0.2265904340	500	500	13	13
40	1.1081539332	1.4266732710	-0.3185193379	500	500	5	5
41	0.0000000000	0.0000000000	0.0000000000	500	500	1	1
42	0.7452883146	0.7916985001	-0.0464101856	500	500	2	2
43	0.1525273285	0.1525273285	0.0000000000	500	500	2	2
44	0.0000000000	0.0000000000	0.0000000000	500	500	1	1
45	0.0000000000	0.0000000000	0.0000000000	500	500	1	1
46	0.1525273285	0.1525273285	0.0000000000	500	500	2	2
48	5.6324528870	5.6072858819	0.0251670051	1939	1885	114	110
49	1.0326785026	0.9394166832	0.0932618195	500	500	3	3
50	0.0000000000	0.0000000000	0.0000000000	500	500	1	1
51	2.6578516439	2.6274862976	0.0303653463	500	500	13	11
52	4.2622047973	4.2531123493	0.0090924480	500	500	20	20
53	4.4058980325	4.3588508454	0.0470471871	500	500	22	22
54	7.6696326221	7.6720526491	-0.0024200270	500	500	250	247
55	2.8218072141	2.7934483779	0.0283588362	500	500	13	12
56	3.2290617066	3.1863327146	0.0427289920	500	500	14	14
57	3.1066310487	3.1276499740	-0.0210189253	500	500	16	16
58	5.6684550273	5.7467016648	-0.0782466376	500	500	96	99
59	4.1601464805	4.1550885334	0.0050579472	500	500	21	21
60	4.2213095727	4.1456595919	0.0756499808	500	500	21	21
61	3.4638496757	3.0712606669	0.3925890088	500	500	20	20
62	4.2143176108	4.1959848763	0.0183327345	500	500	20	20
63	4.2627610895	4.2470761983	0.0156848912	500	500	20	21
64	4.3468995262	4.3260462843	0.0208532419	500	500	21	21
65	0.9647995485	0.9375897508	0.0272097977	500	500	2	2
66	0.4689955936	0.5407504780	-0.0717548844	500	500	2	2
67	8.3384478801	8.2963938954	0.0420539847	500	500	412	419
68	8.9537842847	8.9657842847	-0.0120000000	500	500	497	500
72	7.6326779850	7.7424941084	-0.1098161235	500	500	340	360
73	7.2702403380	7.4240254802	-0.1537851422	500	500	318	344
74	6.8341956474	7.1305072968	-0.2963116494	500	500	289	324
75	8.8591383723	8.7116245580	0.1475138143	1622	1615	854	815
76	8.9497842847	8.9657842847	-0.0160000000	500	500	496	500
77	3.3899516398	3.3182647173	0.0716869225	528	526	22	25
78	3.7684458312	3.7231852361	0.0452605951	889	857	29	31
79	3.7684458312	3.7231852361	0.0452605951	889	857	29	31
80	0.1739171169	0.1525273285	0.0213897884	500	500	2	2
81	0.0000000000	0.0000000000	0.0000000000	500	500	1	1
82	0.9647995485	0.9375897508	0.0272097977	500	500	2	2
83	4.1362728101	4.1266578515	0.0096149587	500	500	18	18
84	1.6841331237	1.5961894002	0.0879437235	500	500	10	10
85	4.0238412235	4.1950022353	-0.1711610118	500	500	42	44
86	4.2400904167	4.2121760681	0.0279143486	500	500	20	20
87	3.3227384189	3.3325764307	-0.0098380117	500	500	12	12
88	2.1377299623	2.1090290035	0.0287009588	578	572	12	13
93	8.3356529326	8.3049385540	0.0307143786	500	500	427	432
94	0.1300588462	0.1842605933	-0.0542017472	500	500	2	2
96	2.4535322032	2.4412700418	0.0122621614	500	500	10	10
97	7.8682771514	7.8707285842	-0.0024514327	500	500	397	403
98	0.1300588462	0.1062736931	0.0237851531	500	500	2	2
100	1.8202200793	1.8916320619	-0.0714119827	500	500	10	10
101	7.4216005746	7.5040928233	-0.0824922487	500	500	369	380
102	0.1183500114	0.0672215448	0.0511284666	500	500	2	2
104	1.2758406380	1.3069487704	-0.0311081324	500	500	9	10
156	0.1183500114	0.0529150803	0.0654349311	500	500	2	2
158	0.0000000000	0.0000000000	0.0000000000	500	500	1	1
159	1.0468533040	1.1088095363	-0.0619562323	500	500	4	4
160	3.3079984522	3.2919147263	0.0160837258	500	500	13	14
161	4.2221953559	4.1711508701	0.0510444857	500	500	21	21
162	6.4539983778	6.3192600605	0.1347383174	500	500	154	151
163	0.3950925605	0.4496822131	-0.0545896526	500	500	2	2
164	0.0376223603	0.0000000000	0.0376223603	500	500	2	1
167	2.2188929975	2.2089803749	0.0099126225	500	500	14	12
180	0.0000000000	0.0000000000	0.0000000000	500	500	1	1
181	0.0000000000	0.0000000000	0.0000000000	500	500	1	1
182	0.0000000000	0.0000000000	0.0000000000	500	500	1	1
183	0.0000000000	0.0000000000	0.0000000000	500	500	1	1
184	0.0000000000	0.0000000000	0.0000000000	500	500	1	1
185	0.0000000000	0.0000000000	0.0000000000	500	500	1	1
186	0.0000000000	0.0000000000	0.0000000000	500	500	1	1
187	0.0000000000	0.0000000000	0.0000000000	500	500	1	1
188	0.0000000000	0.0000000000	0.0000000000	500	500	1	1
189	0.0000000000	0.0000000000	0.0000000000	500	500	1	1
190	0.0000000000	0.0000000000	0.0000000000	500	500	1	1
191	0.0000000000	0.0000000000	0.0000000000	500	500	1	1
192	0.0000000000	0.0000000000	0.0000000000	500	500	1	1
194	2.1879055534	2.1670883306	0.0208172229	500	500	11	10
196	1.8745770201	1.8305252309	0.0440517892	500	500	9	9
198	1.5545920567	1.5570184684	-0.0024264117	500	500	7	7
199	0.2690217021	0.3092979189	-0.0402762169	500	500	6	5
200	0.2672660210	0.2950536001	-0.0277875791	500	500	7	5
201	1.5022338443	1.4927467796	0.0094870647	500	500	10	14
202	1.4023900585	1.3695220107	0.0328680479	500	500	4	4
203	0.4164380859	0.4501747788	-0.0337366929	500	500	5	6
204	0.4135804239	0.4469906455	-0.0334102216	500	500	4	6
205	1.6145357500	1.5709101349	0.0436256151	500	500	12	10
206	1.4970055817	1.4474553120	0.0495502697	500	500	6	6
207	0.7468924582	0.8496088693	-0.1027164111	500	500	7	8
208	0.7240818583	0.8139622710	-0.0898804127	500	500	6	6
209	1.6655919117	1.6589825147	0.0066093970	500	500	11	12
210	1.5806117919	1.5913037766	-0.0106919847	500	500	7	7
211	3.0419698625	3.0688261107	-0.0268562482	500	500	11	11
218	3.1105639220	3.0859689127	0.0245950093	471	473	19	18
219	2.8589251980	2.8556517670	0.0032734310	500	500	12	12
220	3.2318430802	3.2084424958	0.0234005843	500	500	61	65
221	2.6242604979	2.5941091076	0.0301513903	500	500	20	21
222	0.8235976600	0.9362953255	-0.1126976655	471	473	9	10
223	1.2632843109	1.3569069592	-0.0936226482	500	500	16	15
224	0.8324154685	0.7118448824	0.1205705861	471	473	5	5
225	0.7910012044	0.6855115625	0.1054896419	500	500	4	5
226	1.2415177211	1.1540642709	0.0874534503	500	500	27	24
227	1.1888210202	1.1102319769	0.0785890432	500	500	20	19
228	2.9455749536	2.9461563188	-0.0005813651	500	500	46	52
229	3.0385148314	2.9035598525	0.1349549789	500	500	48	43
230	5.3112207403	5.5412447777	-0.2300240374	500	500	87	89
231	3.8882408698	3.9982567024	-0.1100158326	500	500	21	21
232	1.6222739412	1.7827253530	-0.1604514119	471	473	14	12
233	3.4048429422	3.6108700969	-0.2060271547	500	500	18	18
234	1.8703351991	1.9271993266	-0.0568641275	471	473	11	9
235	1.7607681012	1.8363495510	-0.0755814498	500	500	7	7
236	2.6537031324	2.8661145028	-0.2124113704	500	500	36	32
237	2.4519069028	2.6827248843	-0.2308179814	500	500	21	21
238	5.6771021217	6.0075328478	-0.3304307260	500	500	135	148
239	4.9979081168	5.2495896570	-0.2516815402	500	500	79	79
240	5.7903924377	5.8886154374	-0.0982229997	500	500	93	95
241	3.8688490845	3.9494947111	-0.0806456266	500	500	21	21
242	4.7546517489	4.8799513021	-0.1252995532	500	500	55	52
243	3.8247576479	3.8879745451	-0.0632168972	500	500	18	18
244	1.6289208183	1.6951038371	-0.0661830187	471	473	11	9
245	1.1065066110	1.1001196439	0.0063869671	500	500	7	6
246	3.4157005352	3.4923317289	-0.0766311937	500	500	39	36
247	3.1372481509	3.2236788703	-0.0864307194	500	500	21	21
248	6.0074589748	6.2585365335	-0.2510775587	500	500	149	159
249	4.4514382585	4.5634583098	-0.1120200513	500	500	42	42
250	6.0620301527	6.0175891406	0.0444410121	500	500	98	96
251	4.2106715658	4.2089441905	0.0017273753	500	500	21	21
252	5.4904613083	5.5254796778	-0.0350183695	500	500	63	63
253	4.1428574726	4.1443661967	-0.0015087240	500	500	19	19
254	2.5119709441	2.5839336543	-0.0719627102	471	473	17	16
255	1.5414984422	1.5203311455	0.0211672966	500	500	14	14
256	4.0725073450	4.1931808593	-0.1206735143	500	500	38	41
257	3.7421598433	3.8472056028	-0.1050457595	500	500	21	21
258	6.5802216999	6.7126589456	-0.1324372457	500	500	150	157
259	5.0671305225	5.1185506487	-0.0514201262	500	500	67	72
260	1.5006149023	1.5619223541	-0.0613074518	500	500	12	16
261	0.3691383847	0.4526299870	-0.0834916024	500	500	6	5
262	0.0000000000	1.0957952550	-1.0957952550	8	11	1	3
263	0.0000000000	0.9709505945	-0.9709505945	1	5	1	2
264	0.0832215448	0.0832215448	0.0000000000	500	500	5	5
265	1.4449327946	1.4801611851	-0.0352283905	500	500	8	8
266	0.3691383847	0.4526299870	-0.0834916024	500	500	6	5
267	0.1183500114	0.1766348241	-0.0582848127	500	500	2	4
268	0.0208140713	0.0905026418	-0.0696885705	500	500	2	3
269	0.0792215448	0.0832215448	-0.0040000000	500	500	4	5
270	1.6366828997	1.7125072682	-0.0758243686	500	500	22	23
271	1.5168827987	1.5555167936	-0.0386339949	500	500	14	15
272	1.4572738544	1.5258396427	-0.0685657883	500	500	9	13
273	2.1230306990	2.3186155097	-0.1955848107	500	500	19	25
274	0.6094207460	0.7400477648	-0.1306270188	500	500	7	8
275	0.3095434292	1.3199958387	-1.0104524096	18	25	2	4
276	0.0000000000	1.1451104144	-1.1451104144	4	13	1	4
277	0.1663500114	0.2788665312	-0.1125165197	500	500	9	12
278	2.0047863801	2.1427715140	-0.1379851339	500	500	10	10
279	0.5999109710	0.7240477648	-0.1241367938	500	500	5	6
280	0.2236416645	0.2863969571	-0.0627552926	500	500	2	2
281	0.0672215448	0.2036899877	-0.1364684429	500	500	2	5
282	0.1568402364	0.2541374752	-0.0972972388	500	500	7	8
283	2.3332850662	2.5499320455	-0.2166469793	500	500	28	31
284	2.1411138088	2.2936888791	-0.1525750704	500	500	17	17
285	2.0461611342	2.2657056437	-0.2195445095	500	500	14	19
286	2.7101272398	2.9208272096	-0.2106999698	500	500	28	30
287	0.8750705442	0.9888560889	-0.1137855447	500	500	8	10
288	0.7607327460	1.6228858502	-0.8621531042	33	36	3	6
289	0.7495952573	0.9881808370	-0.2385855797	14	21	2	4
290	0.3562491895	0.4325556162	-0.0763064267	500	500	15	17
291	2.4659970149	2.6376264569	-0.1716294421	500	500	12	12
292	0.6048125901	0.6749235551	-0.0701109649	500	500	2	4
293	0.4010242911	0.4846813273	-0.0836570362	500	500	4	6
294	0.2052492605	0.2928917398	-0.0876424793	500	500	3	5
295	0.3057589645	0.3870458412	-0.0812868767	500	500	7	11
296	2.7739892300	3.0053064950	-0.2313172650	500	500	22	25
297	2.6850673632	2.9167240626	-0.2316566994	500	500	24	32
298	2.5758972323	2.8258081172	-0.2499108849	500	500	20	26
299	3.4823835891	3.5826876968	-0.1003041077	500	500	36	37
300	1.2220524174	1.3824495446	-0.1603971272	500	500	13	17
301	1.3750740338	1.8292628209	-0.4541887871	48	50	5	9
302	1.0488412605	1.4059983879	-0.3571571274	21	29	3	7
303	0.4270458412	0.5390594711	-0.1120136298	500	500	16	19
304	3.0448603105	3.0956687719	-0.0508084614	500	500	13	13
305	1.1787494485	1.2884104445	-0.1096609961	500	500	7	7
306	0.5841932098	0.6359218757	-0.0517286659	500	500	5	7
307	0.2954394776	0.3914920973	-0.0960526197	500	500	4	6
308	0.3779871912	0.4573382634	-0.0793510722	500	500	10	11
309	3.7331412540	3.8942935253	-0.1611522713	500	500	48	52
310	3.3965925544	3.4740135527	-0.0774209983	500	500	33	32
311	3.2223246971	3.3609737713	-0.1386490741	500	500	25	30
312	0.0529150803	0.0376223603	0.0152927200	500	500	2	2
313	0.0529150803	0.0416223603	0.0112927200	500	500	2	3
314	0.0529150803	0.0416223603	0.0112927200	500	500	2	3
315	0.0529150803	0.0376223603	0.0152927200	500	500	2	2
316	0.0376223603	0.0416223603	-0.0040000000	500	500	2	3
317	0.0584248553	0.0416223603	0.0168024950	500	500	3	3
318	0.0000000000	0.0208140713	-0.0208140713	500	500	1	2
319	0.0000000000	0.0208140713	-0.0208140713	500	500	1	2
320	0.0000000000	0.0208140713	-0.0208140713	500	500	1	2
328	0.0000000000	0.0000000000	0.0000000000	500	500	1	1
329	0.0000000000	0.0000000000	0.0000000000	500	500	1	1
330	0.0000000000	0.0000000000	0.0000000000	500	500	1	1
331	0.0000000000	0.0000000000	0.0000000000	500	500	1	1
333	0.0000000000	0.0000000000	0.0000000000	500	500	1	1
334	0.0000000000	0.0000000000	0.0000000000	500	500	1	1
335	0.0000000000	0.0000000000	0.0000000000	500	500	1	1
336	0.0000000000	0.0000000000	0.0000000000	500	500	1	1
337	0.0000000000	0.0000000000	0.0000000000	500	500	1	1
339	0.0000000000	0.0000000000	0.0000000000	500	500	1	1
340	0.0000000000	0.0000000000	0.0000000000	500	500	1	1
341	0.0000000000	0.0000000000	0.0000000000	500	500	1	1
342	0.0000000000	0.0000000000	0.0000000000	500	500	1	1
343	0.0000000000	0.0000000000	0.0000000000	500	500	1	1
344	0.0000000000	0.0000000000	0.0000000000	500	500	1	1
345	0.0000000000	0.0000000000	0.0000000000	500	500	1	1
346	0.0000000000	0.0000000000	0.0000000000	500	500	1	1
347	0.0000000000	0.0000000000	0.0000000000	500	500	1	1
348	0.0000000000	0.0000000000	0.0000000000	500	500	1	1
349	0.0000000000	0.0000000000	0.0000000000	500	500	1	1
350	0.0000000000	0.0000000000	0.0000000000	500	500	1	1
351	0.0000000000	0.0000000000	0.0000000000	500	500	1	1
352	0.0000000000	0.0000000000	0.0000000000	500	500	1	1
353	0.0000000000	0.0000000000	0.0000000000	500	500	1	1
354	0.0000000000	0.0000000000	0.0000000000	500	500	1	1
355	0.0000000000	0.0000000000	0.0000000000	500	500	1	1
356	0.0000000000	0.0000000000	0.0000000000	500	500	1	1
357	0.0000000000	0.0000000000	0.0000000000	500	500	1	1
358	0.0000000000	0.0000000000	0.0000000000	500	500	1	1
359	0.0000000000	0.0000000000	0.0000000000	500	500	1	1
360	0.0000000000	0.0000000000	0.0000000000	500	500	1	1
361	0.0000000000	0.0000000000	0.0000000000	500	500	1	1
362	0.0000000000	0.0000000000	0.0000000000	500	500	1	1
363	0.0000000000	0.0000000000	0.0000000000	500	500	1	1
364	0.0000000000	0.0000000000	0.0000000000	500	500	1	1
365	0.0000000000	0.0000000000	0.0000000000	500	500	1	1
366	0.0000000000	0.0000000000	0.0000000000	500	500	1	1
367	0.0000000000	0.0000000000	0.0000000000	500	500	1	1
368	0.0000000000	0.0000000000	0.0000000000	500	500	1	1
369	0.0000000000	0.0000000000	0.0000000000	500	500	1	1
370	0.0000000000	0.0000000000	0.0000000000	500	500	1	1
371	0.0000000000	0.0000000000	0.0000000000	500	500	1	1
372	0.0000000000	0.0000000000	0.0000000000	500	500	1	1
373	0.0000000000	0.0000000000	0.0000000000	500	500	1	1
374	0.0000000000	0.0000000000	0.0000000000	500	500	1	1
375	0.0000000000	0.0000000000	0.0000000000	500	500	1	1
376	0.0000000000	0.0000000000	0.0000000000	500	500	1	1
377	0.0000000000	0.0000000000	0.0000000000	500	500	1	1
378	0.0000000000	0.0000000000	0.0000000000	500	500	1	1
379	0.0000000000	0.0000000000	0.0000000000	500	500	1	1
380	0.0000000000	0.0000000000	0.0000000000	500	500	1	1
381	0.0000000000	0.0000000000	0.0000000000	500	500	1	1
382	0.0000000000	0.0000000000	0.0000000000	500	500	1	1
383	0.0000000000	0.0000000000	0.0000000000	500	500	1	1
384	0.0000000000	0.0000000000	0.0000000000	500	500	1	1
385	0.0000000000	0.0000000000	0.0000000000	500	500	1	1
386	0.0000000000	0.0000000000	0.0000000000	500	500	1	1
387	0.0000000000	0.0000000000	0.0000000000	500	500	1	1
388	0.0000000000	0.0000000000	0.0000000000	500	500	1	1
389	0.0000000000	0.0000000000	0.0000000000	500	500	1	1
390	0.0000000000	0.0000000000	0.0000000000	500	500	1	1
391	0.0000000000	0.0000000000	0.0000000000	500	500	1	1
392	0.0000000000	0.0000000000	0.0000000000	500	500	1	1
393	0.0000000000	0.0000000000	0.0000000000	500	500	1	1
394	0.0000000000	0.0000000000	0.0000000000	500	500	1	1
395	0.0000000000	0.0000000000	0.0000000000	500	500	1	1
396	0.0000000000	0.0000000000	0.0000000000	500	500	1	1
397	0.0000000000	0.0000000000	0.0000000000	500	500	1	1
398	0.0000000000	0.0000000000	0.0000000000	500	500	1	1
399	0.0000000000	0.0000000000	0.0000000000	500	500	1	1
400	0.0000000000	0.0000000000	0.0000000000	500	500	1	1
401	0.0000000000	0.0000000000	0.0000000000	500	500	1	1
402	0.0000000000	0.0000000000	0.0000000000	500	500	1	1
403	0.0000000000	0.0000000000	0.0000000000	500	500	1	1
404	0.0000000000	0.0000000000	0.0000000000	500	500	1	1
405	0.0000000000	0.0000000000	0.0000000000	500	500	1	1
406	0.0000000000	0.0000000000	0.0000000000	500	500	1	1
407	0.0000000000	0.0000000000	0.0000000000	500	500	1	1
408	0.0000000000	0.0000000000	0.0000000000	500	500	1	1
409	0.0000000000	0.0000000000	0.0000000000	500	500	1	1
410	0.0000000000	0.0000000000	0.0000000000	500	500	1	1
411	0.0000000000	0.0000000000	0.0000000000	500	500	1	1
412	0.0000000000	0.0000000000	0.0000000000	500	500	1	1
413	0.0000000000	0.0000000000	0.0000000000	500	500	1	1
414	0.0000000000	0.0000000000	0.0000000000	500	500	1	1
415	0.0000000000	0.0000000000	0.0000000000	500	500	1	1
416	0.0000000000	0.0000000000	0.0000000000	500	500	1	1
417	0.0000000000	0.0000000000	0.0000000000	500	500	1	1
418	0.0000000000	0.0000000000	0.0000000000	500	500	1	1
419	0.0000000000	0.0000000000	0.0000000000	500	500	1	1
420	0.0000000000	0.0000000000	0.0000000000	500	500	1	1
421	0.0000000000	0.0000000000	0.0000000000	500	500	1	1
422	0.0000000000	0.0000000000	0.0000000000	500	500	1	1
423	0.0000000000	0.0000000000	0.0000000000	500	500	1	1
424	0.0000000000	0.0000000000	0.0000000000	500	500	1	1
425	0.0000000000	0.0000000000	0.0000000000	500	500	1	1
426	0.0000000000	0.0000000000	0.0000000000	500	500	1	1
427	0.0000000000	0.0000000000	0.0000000000	500	500	1	1
428	5.7656906804	5.7395915549	0.0260991255	500	500	67	72
429	3.8478961729	3.8558699675	-0.0079737945	500	500	19	19
430	3.6726359841	3.6472364672	0.0253995169	500	500	33	34
431	3.2276801031	3.1957079100	0.0319721930	500	500	13	13
432	2.4926629219	2.6676762789	-0.1750133569	184	180	15	16
433	1.7723439099	1.7952336638	-0.0228897539	500	500	8	8
434	5.7094459807	5.6695372012	0.0399087795	500	500	67	67
435	4.2076907235	4.2011581309	0.0065325926	500	500	19	20
436	3.6137456310	3.5928555438	0.0208900872	500	500	31	33
437	3.2105317603	3.1749210066	0.0356107537	500	500	13	13
438	1.8397831880	1.8861322301	-0.0463490421	500	500	16	16
439	1.0785651470	1.1152335045	-0.0366683574	500	500	7	8
440	2.6553308672	2.5551126636	0.1002182036	500	500	25	23
441	2.4597990869	2.3311656452	0.1286334417	500	500	10	10
442	2.6933992472	2.5814755991	0.1119236481	500	500	26	23
443	2.4441116541	2.3269499481	0.1171617060	500	500	10	10
444	3.3858735909	3.0891906838	0.2966829071	500	500	42	36
445	3.0751036245	2.8717273558	0.2033762687	500	500	21	21
446	5.9293903429	5.8708056477	0.0585846952	500	500	122	119
447	5.0341581712	5.0152367969	0.0189213743	500	500	68	69
448	5.5522344060	5.4527962746	0.0994381315	500	500	100	93
449	6.2163903930	6.1676980605	0.0486923325	500	500	111	115
450	4.9010038171	4.7968694068	0.1041344103	500	500	43	43
451	5.9329348952	5.7947978167	0.1381370785	500	500	106	99
452	4.2743614065	4.0082938514	0.2660675552	500	500	116	121
453	5.9702606584	5.9258732138	0.0443874446	500	500	80	80
454	2.1722757545	2.3862607168	-0.2139849623	500	500	20	20
455	4.4801543587	4.4556107640	0.0245435947	500	500	45	46
456	3.7671688620	3.7336051439	0.0335637182	500	500	16	16
457	2.5811555605	2.6145855095	-0.0334299490	500	500	25	25
458	2.4259124719	2.4578199677	-0.0319074957	500	500	12	12
459	5.9442596042	5.8526787370	0.0915808672	500	500	76	78
460	4.1564404498	4.1071256240	0.0493148259	500	500	20	21
461	4.4085022412	4.3925002915	0.0160019497	500	500	41	44
462	3.3456772285	3.3031565543	0.0425206741	500	500	12	12
463	2.5478809099	2.6024814208	-0.0546005110	500	500	26	25
464	2.3818641774	2.4348026827	-0.0529385053	500	500	12	12
465	3.3193280523	3.2606480929	0.0586799593	500	500	35	31
466	2.9085888489	2.8665324130	0.0420564360	500	500	12	12
467	3.3328857631	3.2834398607	0.0494459023	500	500	35	31
468	2.9330237107	2.8929669632	0.0400567476	500	500	13	13
469	3.6819461207	3.6620137220	0.0199323987	500	500	41	39
470	3.4062733082	3.3968910738	0.0093822344	500	500	21	21
471	5.0128881733	5.1340721505	-0.1211839773	500	500	77	87
472	3.9292992068	4.1555325305	-0.2262333237	500	500	79	90
473	4.4211932216	4.5310040121	-0.1098107905	500	500	82	88
474	6.1358029340	6.0040408005	0.1317621336	500	500	120	117
475	5.7074343316	5.6959111928	0.0115231387	500	500	93	96
476	6.1413813785	6.0750640062	0.0663173724	500	500	125	123
477	5.0612297866	4.9545509997	0.1066787869	500	500	154	148
478	6.1267127675	6.0189113484	0.1078014191	500	500	90	87
479	4.1302351576	4.0698819380	0.0603532197	500	500	21	21
480	5.0474303511	4.9834659321	0.0639644189	500	500	55	54
481	4.0363289062	4.0010741122	0.0352547940	500	500	18	18
482	3.2516256137	3.2474463390	0.0041792747	500	500	34	31
483	0.9660780976	0.9785531676	-0.0124750700	500	500	2	2
484	6.0653917770	5.9654159389	0.0999758381	500	500	88	85
485	4.1238146805	4.0994349561	0.0243797244	500	500	21	21
486	5.0190695074	4.9599440004	0.0591255070	500	500	55	53
487	4.0048559555	3.9621048693	0.0427510862	500	500	18	18
488	3.2232658924	3.2465891228	-0.0233232304	500	500	32	33
489	2.9315297343	2.9295149912	0.0020147432	500	500	14	14
490	3.9655110950	3.8853456505	0.0801654445	500	500	44	46
491	0.9914810447	1.0322161184	-0.0407350737	500	500	6	5
492	4.0186810726	3.8831826185	0.1354984541	500	500	47	45
493	2.4447459368	2.5143556185	-0.0696096817	500	500	18	18
494	4.0110361709	3.8291625596	0.1818736112	500	500	36	36
495	3.7360082175	3.6023358259	0.1336723916	500	500	21	21
496	6.4326388062	6.4446451579	-0.0120063517	500	500	120	130
497	4.6598572482	4.5473792393	0.1124780089	500	500	34	34
498	5.6328113743	5.6330988457	-0.0002874714	500	500	109	105
499	6.4345276049	6.3919652633	0.0425623417	500	500	125	131
500	6.0310397325	6.0666920627	-0.0356523302	500	500	102	113
501	4.6274982401	4.6176279136	0.0098703265	500	500	39	39
502	4.9174886403	4.8366261810	0.0808624593	500	500	122	121
503	6.2007696058	6.0763431078	0.1244264979	500	500	94	92
504	4.2875961148	4.2779952778	0.0096008371	500	500	21	21
505	5.5429260101	5.4590447221	0.0838812880	500	500	66	66
506	4.0535005338	4.0108540079	0.0426465258	500	500	18	19
507	4.0229084315	4.0213445734	0.0015638580	500	500	45	45
508	3.4954037152	3.4409178426	0.0544858726	500	500	16	16
509	6.1810055244	6.0604504568	0.1205550675	500	500	94	93
510	3.5273547277	3.5650734295	-0.0377187018	500	500	21	21
511	5.5208877485	5.4108643996	0.1100233489	500	500	63	63
512	3.6134581334	3.5604318637	0.0530262697	500	500	19	19
513	4.0088160248	4.0013467184	0.0074693064	500	500	46	45
514	3.4885725203	3.4366492788	0.0519232414	500	500	16	16
515	4.6271889141	4.5912076650	0.0359812491	500	500	55	56
516	3.7440224746	3.6981431029	0.0458793717	500	500	17	17
517	4.6539949846	4.5991671453	0.0548278393	500	500	57	57
518	2.8041778889	2.8112789388	-0.0071010499	500	500	13	13
519	4.2652542764	4.0913351705	0.1739191059	500	500	36	36
520	3.9590190253	3.8896848431	0.0693341823	500	500	21	21
521	6.3978653775	6.4710917945	-0.0732264171	500	500	122	134
522	6.4131152979	6.3779951510	0.0351201469	500	500	124	128
523	6.0069162407	5.9698139351	0.0371023057	500	500	127	122
524	5.4704714815	5.4471317599	0.0233397216	500	500	132	121
525	5.7157477933	5.6560571614	0.0596906320	500	500	134	133
526	6.0580649426	5.9708081830	0.0872567596	500	500	155	147
527	5.6991398386	5.5669454403	0.1321943983	500	500	135	139
528	0.8458201463	0.4930799916	0.3527401547	500	500	26	20
529	1.1210596653	0.7177215972	0.4033380681	240	252	11	10
530	0.6033151541	0.3199238007	0.2833913534	240	252	4	3
531	0.3846630375	0.1405483891	0.2441146484	240	252	4	2
532	0.7689612272	0.4523509356	0.3166102916	500	500	15	13
533	0.6217868422	0.4053884490	0.2163983932	500	500	10	9
534	0.2863969571	0.1633455432	0.1230514139	500	500	2	2
535	0.2149181943	0.0807931359	0.1341250584	500	500	4	2
536	0.9433552815	0.5304057405	0.4129495410	500	500	34	22
537	0.8770327626	0.4932165847	0.3838161779	500	500	23	17
538	0.8708259565	0.4700604416	0.4007655149	500	500	23	16
539	1.4440303438	1.4303208379	0.0137095059	500	500	41	40
540	1.9078915216	1.7958783199	0.1120132017	240	252	20	18
541	1.0679865259	0.9665198864	0.1014666395	240	252	7	8
542	0.6195657146	0.3999380474	0.2196276672	240	252	5	2
543	1.2710233569	1.2570649055	0.0139584514	500	500	19	19
544	1.0350367032	1.0277072814	0.0073294217	500	500	12	11
545	0.6222941495	0.5801484558	0.0421456937	500	500	7	8
546	0.3523967491	0.2422921891	0.1101045600	500	500	5	2
547	1.6105407773	1.6292545649	-0.0187137877	500	500	61	58
548	1.5261211794	1.5148235760	0.0112976034	500	500	46	42
549	1.4537546574	1.3832122694	0.0705423880	500	500	39	32
550	1.9210205530	2.0482866793	-0.1272661264	500	500	50	50
551	2.4815281989	2.3961627520	0.0853654469	240	252	23	19
552	1.4522573719	1.4177507235	0.0345066484	240	252	9	9
553	0.8054933232	0.6520605896	0.1534327335	240	252	6	3
554	1.6530866966	1.7427782229	-0.0896915263	500	500	19	19
555	1.3617121523	1.3928563517	-0.0311441994	500	500	12	12
556	0.8406782041	0.8611869547	-0.0205087506	500	500	8	8
557	0.4407821165	0.3993806192	0.0414014973	500	500	4	3
558	2.1317999268	2.2604235124	-0.1286235855	500	500	75	71
559	2.0324251131	2.1720243806	-0.1395992675	500	500	61	59
560	1.8769312057	1.9602394591	-0.0833082535	500	500	43	40
561	2.6367586288	2.9398790864	-0.3031204577	500	500	61	56
562	2.0207419452	2.0792794952	-0.0585375500	500	500	28	25
563	2.0592736247	2.0534749052	0.0057987196	240	252	12	13
564	1.1299600711	0.9372624381	0.1926976329	240	252	8	4
565	2.1706103756	2.4237411737	-0.2531307981	500	500	20	20
566	1.8387958559	1.9379795269	-0.0991836711	500	500	13	13
567	1.2079951520	1.2414761337	-0.0334809817	500	500	9	9
568	0.6565030279	0.5814449239	0.0750581041	500	500	6	4
569	2.9333870348	3.3508638806	-0.4174768458	500	500	87	103
570	2.8248805177	3.1364779090	-0.3115973914	500	500	78	87
571	2.5485443910	2.7616008533	-0.2130564623	500	500	53	47
576	0.0000000000	0.0000000000	0.0000000000	500	500	1	1
577	0.0000000000	0.0000000000	0.0000000000	500	500	1	1
578	0.0000000000	0.0000000000	0.0000000000	500	500	1	1
579	0.0000000000	0.0000000000	0.0000000000	500	500	1	1
580	0.0000000000	0.0000000000	0.0000000000	500	500	1	1
581	0.0000000000	0.0000000000	0.0000000000	500	500	1	1
582	0.0000000000	0.0000000000	0.0000000000	500	500	1	1
583	0.0000000000	0.0000000000	0.0000000000	500	500	1	1
584	0.0000000000	0.0000000000	0.0000000000	500	500	1	1
587	0.0000000000	0.0000000000	0.0000000000	500	500	1	1
588	0.0000000000	0.0000000000	0.0000000000	500	500	1	1
589	0.0000000000	0.0000000000	0.0000000000	500	500	1	1
590	0.0000000000	0.0000000000	0.0000000000	500	500	1	1
591	0.0000000000	0.0000000000	0.0000000000	500	500	1	1
592	0.0000000000	0.0000000000	0.0000000000	500	500	1	1
593	0.0000000000	0.0000000000	0.0000000000	500	500	1	1
594	0.0000000000	0.0000000000	0.0000000000	500	500	1	1
595	0.0000000000	0.0000000000	0.0000000000	500	500	1	1
596	0.0000000000	0.0000000000	0.0000000000	500	500	1	1
597	0.0000000000	0.0000000000	0.0000000000	500	500	1	1
598	0.0000000000	0.0000000000	0.0000000000	500	500	1	1
599	0.0000000000	0.0000000000	0.0000000000	500	500	1	1
600	0.0000000000	0.0000000000	0.0000000000	500	500	1	1
601	0.0000000000	0.0000000000	0.0000000000	500	500	1	1
602	0.0000000000	0.0000000000	0.0000000000	500	500	1	1
603	0.0000000000	0.0000000000	0.0000000000	500	500	1	1
604	0.0000000000	0.0000000000	0.0000000000	500	500	1	1
605	0.0000000000	0.0000000000	0.0000000000	500	500	1	1
606	0.0000000000	0.0000000000	0.0000000000	500	500	1	1
607	0.0000000000	0.0000000000	0.0000000000	500	500	1	1
608	0.0000000000	0.0000000000	0.0000000000	500	500	1	1
609	0.0000000000	0.0000000000	0.0000000000	500	500	1	1
610	0.0000000000	0.0000000000	0.0000000000	500	500	1	1
611	0.0000000000	0.0000000000	0.0000000000	500	500	1	1
612	0.0000000000	0.0000000000	0.0000000000	500	500	1	1
613	0.0000000000	0.0000000000	0.0000000000	500	500	1	1
614	0.0000000000	0.0000000000	0.0000000000	500	500	1	1
615	0.0000000000	0.0000000000	0.0000000000	500	500	1	1
620	0.0000000000	0.0000000000	0.0000000000	500	500	1	1
621	0.0000000000	0.0000000000	0.0000000000	500	500	1	1
622	0.0000000000	0.0000000000	0.0000000000	500	500	1	1
623	0.0000000000	0.0000000000	0.0000000000	500	500	1	1
624	0.0000000000	0.0000000000	0.0000000000	500	500	1	1
625	0.0000000000	0.0000000000	0.0000000000	500	500	1	1
626	0.0000000000	0.0000000000	0.0000000000	500	500	1	1
631	0.0000000000	0.0000000000	0.0000000000	500	500	1	1
632	0.0000000000	0.0000000000	0.0000000000	500	500	1	1
633	0.0000000000	0.0000000000	0.0000000000	500	500	1	1
634	0.0000000000	0.0000000000	0.0000000000	500	500	1	1
635	0.0000000000	0.0000000000	0.0000000000	500	500	1	1
636	0.0000000000	0.0000000000	0.0000000000	500	500	1	1
637	0.0000000000	0.0000000000	0.0000000000	500	500	1	1
642	0.0000000000	0.0000000000	0.0000000000	500	500	1	1
643	0.0000000000	0.0000000000	0.0000000000	500	500	1	1
644	0.0000000000	0.0000000000	0.0000000000	500	500	1	1
645	0.0000000000	0.0000000000	0.0000000000	500	500	1	1
646	0.0000000000	0.0000000000	0.0000000000	500	500	1	1
647	0.0000000000	0.0000000000	0.0000000000	500	500	1	1
648	0.0000000000	0.0000000000	0.0000000000	500	500	1	1
649	0.0000000000	0.0000000000	0.0000000000	500	500	1	1
653	0.0000000000	0.0000000000	0.0000000000	500	500	1	1
654	0.0000000000	0.0000000000	0.0000000000	500	500	1	1
655	0.0000000000	0.0000000000	0.0000000000	500	500	1	1
656	0.0000000000	0.0000000000	0.0000000000	500	500	1	1
657	0.0000000000	0.0000000000	0.0000000000	500	500	1	1
658	0.0000000000	0.0000000000	0.0000000000	500	500	1	1
659	0.0000000000	0.0000000000	0.0000000000	500	500	1	1
665	4.6529798925	4.5675389266	0.0854409660	500	500	30	28
667	1.9962578137	1.8667049903	0.1295528234	500	500	6	6
669	5.2670855191	5.2536825864	0.0134029327	500	500	42	41
670	6.5530750022	6.5016487962	0.0514262060	1939	1885	201	194
671	4.7056339577	4.6214102418	0.0842237160	889	857	55	55
673	4.7056339577	4.6214102418	0.0842237160	889	857	55	55
677	5.1725036624	5.1153128440	0.0571908184	500	500	40	40
692	4.7388506125	5.0442218396	-0.3053712271	500	500	41	43
693	5.2554726437	5.5070962529	-0.2516236092	500	500	52	61
694	2.1359469862	2.3541039025	-0.2181569163	500	500	11	11
695	4.8548262299	5.0706165856	-0.2157903556	500	500	54	58
696	5.3400794696	5.6846760855	-0.3445966160	500	500	54	64
697	6.5324346701	6.8369740042	-0.3045393342	1939	1885	217	269
698	4.7354576522	5.0138809894	-0.2784233372	889	857	67	77
699	8.1385665374	8.3027116608	-0.1641451234	500	500	330	359
700	4.7354576522	5.0138809894	-0.2784233372	889	857	67	77
702	7.4943672928	7.7355036858	-0.2411363931	500	500	241	269
703	7.8832801472	8.0154520227	-0.1321718755	500	500	290	312
704	5.2567447557	5.5488397715	-0.2920950157	500	500	51	62
705	1.2315857505	1.1791876153	0.0523981352	500	500	24	23
706	2.5399954906	2.8227165167	-0.2827210261	500	500	28	33
707	3.3092189653	3.4612838562	-0.1520648908	500	500	35	39
708	3.9813727558	4.1380092184	-0.1566364626	500	500	40	42
709	5.0852044065	5.0354699609	0.0497344456	500	500	86	80
710	6.1898483380	6.4125185558	-0.2226702178	500	500	166	179
711	6.8138455795	6.9282592806	-0.1144137010	500	500	203	211
712	7.3316348560	7.4855383064	-0.1539034504	500	500	228	244
713	1.2649691299	1.2827026893	-0.0177335594	500	500	6	6
714	2.4693849856	2.4800990793	-0.0107140937	500	500	38	37
716	2.3116366270	2.2665567774	0.0450798496	500	500	34	32
717	4.3123949147	4.2730687479	0.0393261667	500	500	21	21
718	6.9029908227	6.9109526698	-0.0079618470	500	500	164	159
719	3.4717659281	3.4516342703	0.0201316578	500	500	13	13
722	3.1687875421	3.2358732409	-0.0670856988	500	500	12	12
723	0.1112876849	0.1896152741	-0.0783275893	500	500	4	5
724	0.0000000000	0.0000000000	0.0000000000	500	500	1	1
725	2.8095870666	2.8543302313	-0.0447431646	500	500	10	10
726	2.9046149144	2.9721085417	-0.0674936273	500	500	11	11
727	3.0379963258	3.0792802503	-0.0412839246	500	500	11	11
728	0.0937779098	0.1525273285	-0.0587494187	500	500	2	2
729	0.0000000000	0.0000000000	0.0000000000	500	500	1	1
730	2.6882977778	2.7463751402	-0.0580773624	500	500	9	9
731	2.7372023784	2.8140350345	-0.0768326561	500	500	9	9
732	2.5378314549	2.6064298179	-0.0685983630	500	500	9	9
733	4.0241189834	4.0457503836	-0.0216314002	500	500	21	21
734	4.0488754824	4.0771709907	-0.0282955083	500	500	21	21
735	3.8798277237	3.9813356952	-0.1015079715	500	500	19	19
736	0.1207974599	0.2151250491	-0.0943275893	500	500	6	9
737	0.0000000000	0.0000000000	0.0000000000	500	500	1	1
738	3.8173662626	3.9305982078	-0.1132319452	500	500	21	20
739	0.0000000000	0.0000000000	0.0000000000	500	500	1	1
740	3.5365443638	3.7053204364	-0.1687760726	500	500	21	21
741	1.7986979049	1.8786345731	-0.0799366681	500	500	6	6
742	2.8089775364	2.8511455922	-0.0421680557	500	500	9	9
743	2.8089775364	2.8511455922	-0.0421680557	500	500	9	9
744	2.9489793257	2.9997282607	-0.0507489351	500	500	12	12
745	1.7172127523	1.8443891139	-0.1271763616	500	500	6	6
746	2.4771212308	2.5552424141	-0.0781211832	500	500	8	8
747	2.4771212308	2.5552424141	-0.0781211832	500	500	8	8
748	2.7242781123	2.8395782641	-0.1153001518	500	500	12	12
749	1.6481823062	1.7440727333	-0.0958904271	500	500	6	6
750	2.3386881340	2.3602286577	-0.0215405237	500	500	8	8
751	2.3386881340	2.3602286577	-0.0215405237	500	500	8	8
752	2.6152108014	2.6583647980	-0.0431539965	500	500	11	11
753	1.2293359911	1.2779917195	-0.0486557284	500	500	7	7
754	1.9444788784	1.9845985180	-0.0401196396	500	500	7	7
755	1.9444788784	1.9845985180	-0.0401196396	500	500	7	7
756	2.1566694719	2.2714385398	-0.1147690679	500	500	11	11
757	1.1153565692	1.1352766442	-0.0199200750	500	500	7	7
758	1.6513340447	1.7393632588	-0.0880292141	500	500	7	7
759	1.6513340447	1.7393632588	-0.0880292141	500	500	7	7
760	1.9561250961	1.9735886489	-0.0174635527	500	500	12	12
761	1.9399313271	2.0528018039	-0.1128704768	500	500	15	16
762	2.9322327503	3.0520376959	-0.1198049456	500	500	15	15
763	3.1736788407	3.3280293985	-0.1543505578	500	500	20	21
764	4.6125582560	4.9090775606	-0.2965193046	500	500	151	157
769	2.0666842522	2.2475500761	-0.1808658239	500	500	28	34
770	0.5068675712	0.6147461764	-0.1078786052	500	500	7	11
771	0.0000000000	0.0000000000	0.0000000000	500	500	1	1
772	0.0737117698	0.1391174962	-0.0654057265	500	500	3	3
773	1.8935794270	2.0415622141	-0.1479827871	500	500	12	12
774	0.5028675712	0.5957266264	-0.0928590552	500	500	6	7
775	0.0000000000	0.0000000000	0.0000000000	500	500	1	1
776	0.0737117698	0.1391174962	-0.0654057265	500	500	3	3
777	2.1616600403	2.3610358428	-0.1993758026	500	500	29	32
778	1.8935794270	2.0415622141	-0.1479827871	500	500	12	12
779	1.9277735163	2.1193038306	-0.1915303143	500	500	14	19
795	1.1678315447	1.8966538002	-0.7288222555	132	139	10	12
796	0.3934911137	0.6845577356	-0.2910666219	500	500	9	10
797	4.3530906249	4.6241546797	-0.2710640548	120	128	44	49
798	1.1983970874	1.3476623616	-0.1492652742	500	500	13	13
800	0.0000000000	0.0000000000	0.0000000000	500	500	1	1
801	1.4025743046	1.6205415737	-0.2179672691	500	500	25	29
802	1.2887573031	1.4740193238	-0.1852620208	500	500	12	13
803	0.3330898931	0.4598281013	-0.1267382082	132	139	4	3
804	0.1112876849	0.1732771476	-0.0619894627	500	500	4	3
805	0.7925201172	0.7186623092	0.0738578079	132	139	5	3
806	0.2770127798	0.2808917398	-0.0038789600	500	500	5	3
807	0.9890942963	0.9948021382	-0.0057078419	132	139	6	5
808	0.3456266455	0.3864189446	-0.0407922991	500	500	6	5
809	1.3092813968	1.5147786300	-0.2054972332	132	139	11	8
810	0.4438373154	0.5737697308	-0.1299324154	500	500	9	8
811	1.3552075327	1.4513233406	-0.0961158079	500	500	25	21
812	1.2506412280	1.3899700683	-0.1393288403	500	500	13	13
813	0.1167974599	0.2013846432	-0.0845871833	500	500	5	6
814	0.1112876849	0.1923259932	-0.0810383083	500	500	4	5
815	0.3058255238	0.3367384308	-0.0309129071	500	500	9	7
816	0.3003157488	0.3367384308	-0.0364226821	500	500	8	7
817	0.3543557014	0.4294339832	-0.0750782818	500	500	8	8
818	0.3174269145	0.3938558126	-0.0764288981	500	500	5	5
819	0.4421739847	0.5665880777	-0.1244140930	500	500	10	12
820	0.4282884404	0.5468714966	-0.1185830562	500	500	8	9
821	0.3482414083	0.6904306035	-0.3421891952	132	139	5	10
822	0.1167974599	0.2318748682	-0.1150774083	500	500	5	9
823	1.0141953060	1.1789291675	-0.1647338615	132	139	14	16
824	0.3275350297	0.3928459264	-0.0653108967	500	500	12	13
825	1.2551504742	1.5780766039	-0.3229261297	132	139	17	22
826	0.3968459264	0.5128206401	-0.1159747137	500	500	13	15
827	1.5765860371	2.0974365061	-0.5208504690	132	139	20	29
828	0.4886962345	0.6664902394	-0.1777940049	500	500	14	15
831	1.3150264469	1.4842711046	-0.1692446577	334	315	43	48
832	1.3660154587	1.4946492500	-0.1286337914	500	500	11	11
834	0.8989860172	0.9819017559	-0.0829157387	500	500	5	6
836	0.5292164862	0.5909692464	-0.0617527601	500	500	6	6
837	0.5292164862	0.5909692464	-0.0617527601	500	500	6	6
840	0.9352782582	1.0048650565	-0.0695867983	500	500	43	48
841	0.4148982240	0.2598469811	0.1550512428	500	500	9	8
843	0.3172206225	0.2650520128	0.0521686096	500	500	4	4
845	0.0624248553	0.1152876849	-0.0528628295	500	500	4	5
846	0.0624248553	0.1112876849	-0.0488628295	500	500	4	4
847	0.0208140713	0.0208140713	0.0000000000	500	500	2	2
848	0.0208140713	0.0208140713	0.0000000000	500	500	2	2
851	0.2236416645	0.2863969571	-0.0627552926	500	500	2	2
852	0.3274449192	0.4021791902	-0.0747342710	500	500	2	2
853	6.1707124921	6.1542051135	0.0165073785	500	500	103	99
854	4.2930856161	4.3038949181	-0.0108093019	500	500	21	21
855	5.8401179267	5.7817668522	0.0583510745	500	500	73	71
856	4.2654499827	4.2599035566	0.0055464261	500	500	20	20
857	4.0471055303	4.1248977436	-0.0777922132	500	500	34	34
858	3.5590174407	3.5996361382	-0.0406186975	500	500	14	14
859	4.3859819774	4.4414525556	-0.0554705781	500	500	36	39
860	4.0694847150	4.0924169898	-0.0229322748	500	500	21	21
861	6.7601043062	6.8084048779	-0.0483005717	500	500	147	152
862	6.7111297153	6.8940179248	-0.1828882095	500	500	149	158
863	3.5281436884	3.7306223585	-0.2024786701	500	500	68	67
864	2.6755884313	2.6966525750	-0.0210641438	500	500	33	33
865	2.8030104862	2.6788491461	0.1241613401	240	252	20	15
866	1.5095307870	1.4031998344	0.1063309526	240	252	9	7
867	2.7976479155	2.9457925527	-0.1481446372	500	500	20	20
868	2.3072678794	2.3758305039	-0.0685626245	500	500	12	12
869	1.6098185460	1.6116969416	-0.0018783956	500	500	8	8
870	0.8868780205	0.8790359633	0.0078420572	500	500	7	6
871	3.9539063895	4.1953304918	-0.2414241024	500	500	108	119
872	3.7712072917	3.9612538091	-0.1900465174	500	500	93	98
873	3.3532225382	3.5201873881	-0.1669648498	500	500	59	60
874	5.8641541577	5.7796118807	0.0845422770	500	500	89	87
875	4.1472507659	4.1110923713	0.0361583946	500	500	21	21
876	4.1147318273	4.1168275708	-0.0020957435	500	500	27	29
877	4.2489580625	4.1979792610	0.0509788015	500	500	21	21
878	5.8145675351	5.8122081998	0.0023593353	500	500	85	90
879	4.1487261615	4.1306822755	0.0180438860	500	500	21	21
880	4.2427986118	4.2423379934	0.0004606185	500	500	31	33
881	4.2685910244	4.2378288972	0.0307621272	500	500	21	21
882	5.9292047856	5.8731223406	0.0560824450	500	500	94	96
883	4.2174029287	4.1869797809	0.0304231478	500	500	21	21
884	4.3715004534	4.3871773552	-0.0156769019	500	500	32	38
885	4.2373117836	4.1768282302	0.0604835534	500	500	21	21
886	5.8203211789	5.7879476476	0.0323735313	500	500	85	88
887	4.1601716550	4.1355609546	0.0246107004	500	500	21	21
888	4.6454522539	4.6105879091	0.0348643448	500	500	44	45
889	3.7822556686	3.7404006821	0.0418549865	500	500	15	15
890	5.2941815779	5.1121064316	0.1820751463	500	500	78	73
891	3.9277625001	3.8841803084	0.0435821917	500	500	21	21
892	4.8088805820	4.7264746685	0.0824059135	500	500	56	57
893	4.0177019537	3.9638935920	0.0538083617	500	500	21	21
895	7.7416176326	7.7098296492	0.0317879834	430	420	311	313
897	3.1394050878	3.1795934072	-0.0401883194	428	415	34	45
899	1.5893046001	1.7322639590	-0.1429593589	419	406	6	8
900	0.0000000000	0.0000000000	0.0000000000	500	500	1	1
902	4.4964138108	4.2472011905	0.2492126203	500	500	66	57
903	0.7376423802	0.7452883146	-0.0076459344	500	500	2	2
904	2.2291753897	2.1177400749	0.1114353148	475	484	11	9
905	1.0625842922	1.0125337252	0.0500505670	500	500	3	3
906	11.1263965379	11.1969330760	-0.0705365381	5904	5624	3833	3845
907	5.2458224226	5.2946639390	-0.0488415163	2907	2881	108	108
908	2.6937423684	2.6906614766	0.0030808919	1473	1441	18	13
910	6.2888513198	6.6614989682	-0.3726476484	2907	2881	221	263
911	3.8106888845	4.1058795775	-0.2951906929	1473	1441	43	41
913	2.3374204144	2.3808109761	-0.0433905617	455	449	14	14
914	1.6136360899	1.6545916689	-0.0409555790	455	449	4	4
915	2.2623178133	2.2094334394	0.0528843740	500	500	29	31
916	2.1065058425	2.0555844130	0.0509214296	500	500	15	15
917	2.7944849939	2.5926297215	0.2018552724	500	500	36	36
918	2.4189495048	2.2864360167	0.1325134881	500	500	12	12
919	3.4888113505	3.2140858014	0.2747255491	500	500	45	40
920	2.9970718003	2.8370637140	0.1600080863	500	500	17	17
921	3.7813085871	3.7790019777	0.0023066095	500	500	29	25
922	3.4776885029	3.4715050788	0.0061834241	500	500	14	14
923	4.4865400226	4.4520018400	0.0345381826	500	500	38	35
924	3.9494056678	3.9100555409	0.0393501269	500	500	17	17
925	5.1089815742	5.0524327800	0.0565487942	500	500	49	47
926	4.0446386229	4.0353375252	0.0093010977	500	500	18	18
927	4.4055250996	4.6135564116	-0.2080313121	500	500	51	52
928	0.9371791219	0.8783978836	0.0587812384	500	500	4	4
929	5.1008189807	5.1897368993	-0.0889179186	500	500	61	59
930	3.9141822804	3.9589090559	-0.0447267756	500	500	19	19
931	5.6325609963	5.5704641122	0.0620968841	500	500	69	70
932	4.0377239808	4.0243356655	0.0133883153	500	500	20	20
933	1.2607374615	1.1847906555	0.0759468060	455	449	4	4
934	1.4563468506	1.4397253217	0.0166215289	455	449	4	4
936	8.0783382067	8.1971946108	-0.1188564041	455	449	353	358
938	7.6944360566	7.7665548075	-0.0721187510	455	449	320	332
940	4.4654574019	4.7214132487	-0.2559558467	455	449	68	69
942	4.3400023279	4.3436087283	-0.0036064004	455	449	62	59
943	4.2514527467	4.0470155334	0.2044372133	455	449	62	63
944	3.0869722766	2.9315985799	0.1553736967	500	500	17	17
945	2.8774659009	2.8105201322	0.0669457688	455	449	9	9
946	0.0000000000	0.0000000000	0.0000000000	455	449	1	1
947	0.0000000000	0.0000000000	0.0000000000	500	500	1	1
948	2.7732580557	2.6614123274	0.1118457282	455	449	27	26
949	2.6443989945	2.4796783117	0.1647206828	500	500	13	13
950	4.8100429283	4.7420787210	0.0679642073	500	500	56	56
951	3.7728585693	3.7641696965	0.0086888729	500	500	19	19
952	5.4677282032	5.3189104006	0.1488178026	500	500	66	63
953	4.0618040204	3.9548806352	0.1069233851	500	500	20	21
954	4.6146519859	4.5932986500	0.0213533359	455	449	60	63
955	3.1231669395	2.9793358591	0.1438310803	500	500	11	11
956	3.8791287311	3.9297664749	-0.0506377438	455	449	43	47
957	2.8549507225	2.8189411361	0.0360095863	500	500	12	12
958	4.4288431371	4.6887180577	-0.2598749205	455	449	53	61
959	2.9384557314	3.0257103133	-0.0872545820	500	500	10	10
960	0.7733544158	0.5968950652	0.1764593506	455	449	21	14
961	0.6052184288	0.4866669011	0.1185515277	500	500	8	7
962	3.8415314471	3.6846545255	0.1568769216	455	449	59	55
963	2.6845694941	2.5870703300	0.0974991641	500	500	13	13
964	4.9047289542	4.9032628320	0.0014661222	455	449	76	75
965	3.2603512686	3.2298917012	0.0304595674	500	500	12	12
966	0.0000000000	0.0000000000	0.0000000000	500	500	1	1
967	0.0000000000	0.0000000000	0.0000000000	500	500	1	1
968	0.0000000000	0.0000000000	0.0000000000	500	500	1	1
969	0.0000000000	0.0000000000	0.0000000000	500	500	1	1
970	0.0000000000	0.0000000000	0.0000000000	500	500	1	1
971	0.0000000000	0.0000000000	0.0000000000	500	500	1	1
972	0.0000000000	0.0000000000	0.0000000000	500	500	1	1
973	0.0000000000	0.0000000000	0.0000000000	500	500	1	1
974	0.0000000000	0.0000000000	0.0000000000	500	500	1	1
975	0.0000000000	0.0000000000	0.0000000000	500	500	1	1
977	0.0000000000	0.0000000000	0.0000000000	455	449	1	1
979	0.0000000000	0.0000000000	0.0000000000	455	449	1	1
980	3.7003451068	3.6703523045	0.0299928023	500	500	15	14
981	4.2617092780	4.2428676812	0.0188415968	500	500	20	20
982	4.1395487784	4.0960363851	0.0435123933	500	500	21	21
983	1.0326785026	0.9394166832	0.0932618195	500	500	3	3
984	3.8488131115	3.7472564119	0.1015566996	500	500	21	21
985	4.3373858238	4.3592617924	-0.0218759686	500	500	21	21
986	4.2417854543	4.2489987559	-0.0072133015	500	500	20	20
987	4.3438566401	4.3477349830	-0.0038783430	500	500	21	21
988	5.6324528870	5.6072858819	0.0251670051	1939	1885	114	110
989	3.7684458312	3.7231852361	0.0452605951	889	857	29	31
990	7.6696326221	7.6720526491	-0.0024200270	500	500	250	247
991	3.7684458312	3.7231852361	0.0452605951	889	857	29	31
993	6.7919321314	6.8480931492	-0.0561610177	500	500	156	161
994	7.2786953492	7.2209620356	0.0577333136	500	500	205	193
995	4.2400904167	4.2121760681	0.0279143486	500	500	20	20
1016	7.8341561290	7.7998012551	0.0343548739	500	500	265	268
1017	7.2454453005	7.1997856825	0.0456596180	500	500	201	206
1021	2.1870369348	2.2689367830	-0.0818998482	500	500	20	22
1022	4.3356428915	4.5089210014	-0.1732781099	500	500	36	35
1023	4.7490632144	4.7878946796	-0.0388314653	500	500	36	36
1024	5.0787361898	5.0448127584	0.0339234314	500	500	38	38
1025	5.2043138245	5.1553095077	0.0490043168	500	500	40	40
1026	1.7547334350	1.6196983319	0.1350351030	500	500	8	8
1027	2.7175251928	2.7707407456	-0.0532155528	500	500	14	14
1028	2.0602719273	2.0291630454	0.0311088819	500	500	10	9
1029	2.4678942150	2.4347038539	0.0331903611	500	500	22	23
1030	4.4897739923	4.4979672502	-0.0081932579	500	500	28	28
1031	2.1256001613	2.0054382806	0.1201618807	500	500	35	31
1032	3.3690819361	3.5770286987	-0.2079467626	500	500	41	41
1033	4.0518614437	4.1326493440	-0.0807879003	500	500	41	41
1034	4.6584773753	4.7588461114	-0.1003687361	500	500	42	42
1035	4.9943368844	5.0039756165	-0.0096387322	500	500	42	42
1036	3.7320527797	3.6384987660	0.0935540137	500	500	24	24
1037	5.1675635943	5.0680960203	0.0994675740	500	500	42	42
1044	0.4815485438	0.4877315835	-0.0061830397	500	500	2	2
1045	2.3938647867	2.3459984563	0.0478663304	500	500	6	6
1046	0.7219280949	0.7916985001	-0.0697704052	500	500	2	2
1047	0.5574381850	0.5350826097	0.0223555753	500	500	2	2
1048	0.3950925605	0.3950925605	0.0000000000	500	500	2	2
1049	0.7179100159	0.7709729679	-0.0530629520	500	500	2	2
1050	0.4561861026	0.5736665364	-0.1174804338	500	500	2	2
1051	0.4626234918	0.3584153246	0.1042081671	500	500	2	2
1052	0.5946193441	0.6800770457	-0.0854577016	500	500	2	2
1053	0.3950925605	0.4877315835	-0.0926390230	500	500	2	2
1054	0.3353335359	0.2778395740	0.0574939619	500	500	2	2
1055	0.1739171169	0.2043246710	-0.0304075541	500	500	2	2
1056	0.2043246710	0.3431229071	-0.1387982362	500	500	2	2
1057	0.0529150803	0.0937779098	-0.0408628295	500	500	2	2
1058	0.4753035718	0.4877315835	-0.0124280118	500	500	2	2
1059	0.5683070292	0.5842388116	-0.0159317825	500	500	2	2
1060	0.6844328072	0.7709729679	-0.0865401607	500	500	2	2
1061	0.4161189513	0.5235844711	-0.1074655198	500	500	2	2
1062	1.5473254617	1.3083715328	0.2389539289	500	500	25	20
1063	2.7138417975	2.6551126576	0.0587291399	500	500	43	41
1064	0.0000000000	0.0000000000	0.0000000000	500	500	1	1
1065	4.6958415703	4.6679215766	0.0279199937	500	500	56	59
1066	4.8658212262	4.8483333192	0.0174879069	500	500	60	55
1067	5.6099759299	5.6432228574	-0.0332469275	500	500	67	66
1068	2.8191762968	2.7697957095	0.0493805872	500	500	41	37
1069	1.4265127178	1.2297332399	0.1967794778	500	500	11	11
1070	2.4027927452	2.3813022741	0.0214904712	500	500	16	16
1071	0.0000000000	0.0000000000	0.0000000000	500	500	1	1
1072	3.7480786887	3.7283001672	0.0197785216	500	500	18	18
1073	3.6584483042	3.7224116190	-0.0639633149	500	500	16	16
1074	3.7027508194	3.6586797524	0.0440710670	500	500	17	17
1075	2.4805135854	2.3979067747	0.0826068107	500	500	15	15
1076	1.3364970253	1.1117899026	0.2247071227	470	475	20	19
1077	2.5012260394	2.5416436574	-0.0404176181	470	475	31	35
1078	0.0000000000	0.0000000000	0.0000000000	470	475	1	1
1079	5.1065536789	4.9372618701	0.1692918088	470	475	69	68
1080	5.3289018315	5.3264034107	0.0024984208	470	475	72	71
1081	6.1632724891	6.2077319852	-0.0444594961	470	475	93	93
1082	2.8953045683	2.7979087614	0.0973958069	470	475	45	42
1090	0.3632009298	0.2673353325	0.0958655972	470	475	7	6
1091	0.9253954699	0.7634226418	0.1619728281	470	475	10	10
1092	0.0000000000	0.0000000000	0.0000000000	470	475	1	1
1093	2.3880355479	2.4435799903	-0.0555444424	470	475	22	20
1094	2.4105225338	2.2632363911	0.1472861427	470	475	17	18
1095	3.5232177066	3.6829765236	-0.1597588170	470	475	27	32
1096	1.2417779752	1.1659348148	0.0758431604	470	475	14	11
1097	0.3454285706	0.2563763341	0.0890522365	500	500	7	6
1098	0.8757875542	0.7245460035	0.1512415507	500	500	8	8
1099	0.0000000000	0.0000000000	0.0000000000	500	500	1	1
1100	2.1762972686	2.2159770114	-0.0396797428	500	500	10	10
1101	2.1696033057	2.0657031150	0.1039001908	500	500	8	8
1102	2.9964593797	3.1158731572	-0.1194137775	500	500	10	10
1103	1.1439640116	1.1029325985	0.0410314131	500	500	8	8
1104	0.4585384517	0.3330601345	0.1254783172	470	475	18	14
1105	1.3237930594	1.0439896007	0.2798034587	470	475	30	27
1106	0.0000000000	0.0000000000	0.0000000000	470	475	1	1
1107	3.5529721394	3.3109621255	0.2420100140	470	475	56	52
1108	3.6536155191	3.3120409956	0.3415745235	470	475	49	46
1109	4.5736775480	4.5152235920	0.0584539560	470	475	74	67
1110	1.7657866154	1.6836283234	0.0821582920	470	475	39	34
1118	0.4071693129	0.2453846432	0.1617846697	500	500	19	12
1119	1.1331273726	0.9296326066	0.2034947660	500	500	30	29
1120	0.0000000000	0.0000000000	0.0000000000	500	500	1	1
1121	3.0268187882	2.9392635167	0.0875552715	500	500	35	38
1122	3.4062369023	3.0556254720	0.3506114303	500	500	45	40
1123	4.2937477614	4.3938887915	-0.1001410301	500	500	42	45
1124	1.5777881586	1.5830927147	-0.0053045561	500	500	34	34
1125	0.2844528200	0.1973846432	0.0870681768	500	500	4	5
1126	0.8195606643	0.6747112250	0.1448494393	500	500	8	10
1127	0.0000000000	0.0000000000	0.0000000000	500	500	1	1
1128	1.3120402825	1.2209466139	0.0910936686	500	500	7	8
1129	1.4979504526	1.3319505618	0.1659998908	500	500	8	7
1130	2.1529920377	2.0960997011	0.0568923367	500	500	14	11
1131	1.0493692222	1.1089576679	-0.0595884458	500	500	9	11
1132	0.2701285496	0.2078791044	0.0622494452	500	500	14	11
1133	0.8694910463	0.6713390902	0.1981519560	500	500	29	23
1134	0.0000000000	0.0000000000	0.0000000000	500	500	1	1
1135	2.9107434867	2.7813607545	0.1293827322	500	500	43	41
1136	3.1068849977	2.7720561711	0.3348288266	500	500	51	51
1137	4.1905673781	4.3491232892	-0.1585559111	500	500	50	53
1138	1.3029563904	1.4474120003	-0.1444556099	500	500	32	39
1139	0.2311089996	0.1848595544	0.0462494452	500	500	7	6
1140	0.7471447197	0.5568488652	0.1902958545	500	500	12	10
1141	0.0000000000	0.0000000000	0.0000000000	500	500	1	1
1142	1.8284331709	1.7124941942	0.1159389768	500	500	11	10
1143	1.8655270032	1.7346746419	0.1308523613	500	500	12	11
1144	2.7712155065	2.7744648373	-0.0032493309	500	500	16	15
1145	1.0441148760	1.1340402741	-0.0899253981	500	500	12	13
1146	0.3936595379	0.2453846432	0.1482748947	500	500	16	12
1147	1.1397012856	0.9448518876	0.1948493980	500	500	29	31
1148	0.0000000000	0.0000000000	0.0000000000	500	500	1	1
1149	3.2452273496	3.2305916246	0.0146357250	500	500	44	48
1150	3.5312814359	3.2717676771	0.2595137589	500	500	51	51
1151	4.4595781910	4.6123679419	-0.1527897509	500	500	47	52
1152	1.6161568527	1.5970019516	0.0191549011	500	500	38	37
1153	0.3019109319	0.2005718993	0.1013390326	500	500	5	5
1154	0.8168512053	0.7362264880	0.0806247174	500	500	8	13
1155	0.0000000000	0.0000000000	0.0000000000	500	500	1	1
1156	1.5670176211	1.6980330516	-0.1310154305	500	500	10	13
1157	1.9151420634	1.8517536330	0.0633884304	500	500	14	11
1158	2.6677481416	2.6665665251	0.0011816165	500	500	16	16
1159	1.1268022782	1.1699738868	-0.0431716087	500	500	9	12
1160	0.3750527325	0.3156204379	0.0594322947	500	500	11	7
1161	0.7432770814	0.7871076766	-0.0438305952	500	500	16	17
1162	0.0000000000	0.0000000000	0.0000000000	500	500	1	1
1163	2.0930451025	2.0595727560	0.0334723466	500	500	36	35
1164	2.4833779962	2.3898394804	0.0935385158	500	500	32	29
1165	3.4799822966	3.7437827839	-0.2638004873	500	500	43	42
1166	1.1496861914	1.2933456949	-0.1436595034	500	500	24	20
1174	5.7865784629	5.7480970245	0.0384814383	500	500	72	70
1175	5.5397269339	5.4776967901	0.0620301438	500	500	64	62
1176	3.7414666101	3.8029959743	-0.0615293641	500	500	31	33
1177	3.0679187938	3.1349285254	-0.0670097316	500	500	23	21
1178	6.1061390187	6.0384135436	0.0677254751	470	475	91	89
1179	6.1298269829	6.0404650049	0.0893619781	470	475	93	89
1180	4.3815644405	4.5413945020	-0.1598300616	470	475	59	63
1181	4.3776807004	4.4787332820	-0.1010525816	470	475	63	63
1182	3.9897253655	4.0701959123	-0.0804705468	500	500	20	20
1183	4.1501877821	4.1484260153	0.0017617668	500	500	19	19
1184	3.3633749418	3.4142844895	-0.0509095477	500	500	14	14
1185	2.8231677067	2.8442024540	-0.0210347473	500	500	9	9
1186	4.3009114841	4.3160139767	-0.0151024926	500	500	21	21
1187	4.1996296437	4.2235250302	-0.0238953865	500	500	20	20
1188	3.1879322425	3.2628426576	-0.0749104150	500	500	12	12
1189	3.3670670611	3.4621242516	-0.0950571905	500	500	15	15
1196	0.0529150803	0.0529150803	0.0000000000	500	500	2	2
1197	0.0807931359	0.0807931359	0.0000000000	500	500	2	2
1198	0.0937779098	0.0807931359	0.0129847740	500	500	2	2
1199	0.0376223603	0.0529150803	-0.0152927200	500	500	2	2
1200	0.0672215448	0.1062736931	-0.0390521483	500	500	2	2
1201	0.1300588462	0.1300588462	0.0000000000	500	500	2	2
1202	4.2709116167	4.4202775749	-0.1493659582	500	500	42	42
1203	4.1728695307	4.2986870429	-0.1258175121	500	500	44	44
1204	4.3089890148	4.4256653715	-0.1166763567	500	500	52	56
1205	4.0059917613	4.0227711172	-0.0167793559	500	500	52	52
1206	4.5089238661	4.7174963504	-0.2085724844	500	500	52	53
1207	4.3793474034	4.4575722161	-0.0782248127	500	500	55	49
1208	3.8431931585	3.9304718896	-0.0872787311	500	500	21	21
1209	3.6074705710	3.6981462805	-0.0906757095	500	500	21	21
1210	3.6334771266	3.6843801892	-0.0509030626	500	500	21	21
1211	3.3152234530	3.3247761335	-0.0095526805	500	500	21	21
1212	3.8696284517	3.9257470341	-0.0561185824	500	500	21	21
1213	3.6952938468	3.7582825160	-0.0629886692	500	500	21	21
1214	5.5259673791	5.5543483201	-0.0283809409	500	500	65	65
1215	4.1630035024	4.1164016627	0.0466018397	500	500	45	41
1216	4.2046819275	4.2946721850	-0.0899902575	500	500	52	50
1217	5.2507111050	5.2695209393	-0.0188098344	500	500	58	58
1218	5.2507111050	5.2695209393	-0.0188098344	500	500	58	58
1219	3.5965792040	3.5326326378	0.0639465662	500	500	44	39
1220	2.7281964035	2.5788675825	0.1493288210	500	500	18	18
1221	3.5392407989	3.5296098448	0.0096309540	500	500	16	16
1222	3.5488552777	3.6068066666	-0.0579513890	500	500	17	17
1223	3.5730695519	3.5978309006	-0.0247613487	500	500	20	20
1224	2.6463238397	2.5993822692	0.0469415705	500	500	16	16
1225	3.1208153439	3.1214339585	-0.0006186146	500	500	15	15
1226	6.0916729662	6.0888139006	0.0028590656	470	475	85	91
1227	4.2643405776	4.2004913915	0.0638491861	470	475	41	45
1228	4.4664473383	4.5082597452	-0.0418124069	470	475	51	53
1229	5.8255983769	5.7212492919	0.1043490849	470	475	81	77
1230	3.4002650378	3.4637061143	-0.0634410765	470	475	33	36
1231	3.7336574995	3.5329215958	0.2007359036	470	475	42	39
1232	4.1459978552	4.2116604527	-0.0656625975	500	500	20	20
1233	3.8633420066	3.8943064294	-0.0309644228	500	500	21	21
1234	3.8363360246	3.9040568004	-0.0677207758	500	500	21	21
1235	4.2414162700	4.2380171613	0.0033991086	500	500	21	21
1236	3.5184965692	3.5613717559	-0.0428751867	500	500	21	21
1237	3.5080361601	3.4975184427	0.0105177174	500	500	21	21
1238	3.2279674182	3.3043698536	-0.0764024354	500	500	27	26
1239	1.7365980731	1.6368354627	0.0997626104	500	500	14	14
1240	1.7246842039	1.6299971251	0.0946870787	500	500	19	15
1241	2.5318000042	2.7029154760	-0.1711154718	500	500	16	17
1242	1.1963272976	1.2526205507	-0.0562932531	500	500	9	9
1243	1.3429618870	1.1333525368	0.2096093503	500	500	13	12
1244	0.0000000000	0.0000000000	0.0000000000	500	500	1	1
1245	4.0740802453	4.0307486766	0.0433315687	500	500	21	21
1246	0.0000000000	0.0000000000	0.0000000000	500	500	1	1
1247	3.8444267464	3.8279163258	0.0165104206	500	500	21	21
1248	0.0000000000	0.0000000000	0.0000000000	500	500	1	1
1249	4.1502428406	4.1154811251	0.0347617155	500	500	21	21
1250	4.5118711247	4.4306136829	0.0812574418	470	475	64	60
1251	2.7015924467	2.4802401299	0.2213523167	470	475	44	39
1252	2.5761474579	2.4160489458	0.1600985120	470	475	48	44
1253	4.0044139838	4.1236626515	-0.1192486677	470	475	54	54
1254	1.8751994103	1.9546672601	-0.0794678499	470	475	30	28
1255	2.0823235765	1.7285495183	0.3537740582	470	475	30	32
1256	3.3473797996	3.4049894743	-0.0576096748	500	500	15	15
1257	2.1853477807	2.0602736449	0.1250741358	500	500	17	17
1258	2.0907293673	1.9650029706	0.1257263967	500	500	17	17
1259	3.0493664617	3.1530945529	-0.1037280912	500	500	14	14
1260	1.5840049324	1.6751240558	-0.0911191234	500	500	16	16
1261	1.7426937192	1.4687049972	0.2739887219	500	500	15	15
1262	3.7491838606	3.8416593902	-0.0924755295	500	500	47	44
1263	3.2161231524	3.5115796322	-0.2954564799	500	500	40	37
1264	3.2822158219	3.3930497557	-0.1108339338	500	500	18	18
1265	2.9224409849	3.1147101138	-0.1922691290	500	500	16	16
1266	0.0000000000	0.0000000000	0.0000000000	500	500	1	1
1267	5.9747265515	5.9684301624	0.0062963891	500	500	79	77
1268	0.0000000000	0.0000000000	0.0000000000	500	500	1	1
1269	4.3093238967	4.3108656419	-0.0015417453	500	500	37	36
1270	0.0000000000	0.0000000000	0.0000000000	470	475	1	1
1271	0.0000000000	0.0000000000	0.0000000000	470	475	1	1
1272	0.0000000000	0.0000000000	0.0000000000	470	475	1	1
1273	0.4757040579	0.5171354892	-0.0414314313	470	475	2	2
1288	0.3031515904	0.3659236509	-0.0627720605	500	500	2	2
1289	0.3031515904	0.3659236509	-0.0627720605	500	500	2	2
1290	0.3031515904	0.3659236509	-0.0627720605	500	500	2	2
1291	0.0000000000	0.0000000000	0.0000000000	500	500	1	1
1292	0.0208140713	0.0529150803	-0.0321010090	500	500	2	2
1293	0.0376223603	0.0672215448	-0.0295991844	500	500	2	2
1294	0.0000000000	0.0000000000	0.0000000000	500	500	1	1
1295	4.6553340975	4.5543483309	0.1009857665	500	500	44	40
1296	0.0000000000	0.0000000000	0.0000000000	500	500	1	1
1297	4.7243075894	4.6843882353	0.0399193541	500	500	51	53
1298	0.0000000000	0.0000000000	0.0000000000	500	500	1	1
1299	4.8518156903	4.8574707850	-0.0056550947	500	500	51	48
1306	0.0000000000	0.0000000000	0.0000000000	500	500	1	1
1307	0.0000000000	0.0000000000	0.0000000000	500	500	1	1
1308	0.0000000000	0.0000000000	0.0000000000	500	500	1	1
1309	5.8861297542	5.8372642471	0.0488655071	500	500	74	72
1310	5.8861297542	5.8372642471	0.0488655071	500	500	74	72
1311	4.7588556551	4.7416604781	0.0171951770	500	500	56	54
1318	0.0000000000	0.0000000000	0.0000000000	470	475	1	1
1319	0.0000000000	0.0000000000	0.0000000000	470	475	1	1
1320	0.0000000000	0.0000000000	0.0000000000	470	475	1	1
1321	5.9712968280	5.9974064855	-0.0261096576	470	475	86	83
1322	4.9162717867	4.9076366654	0.0086351213	470	475	53	54
1323	5.2387879496	5.1937214854	0.0450664642	470	475	68	66
1330	0.0000000000	0.0000000000	0.0000000000	500	500	1	1
1331	0.0000000000	0.0000000000	0.0000000000	500	500	1	1
1332	0.0000000000	0.0000000000	0.0000000000	500	500	1	1
1333	3.7618573993	3.8917955148	-0.1299381156	500	500	30	31
1334	2.1213886721	2.0727197228	0.0486689493	500	500	17	16
1335	2.1809337362	2.0016622180	0.1792715182	500	500	23	19
1342	0.0000000000	0.0000000000	0.0000000000	470	475	1	1
1343	0.0000000000	0.0000000000	0.0000000000	470	475	1	1
1344	0.0000000000	0.0000000000	0.0000000000	470	475	1	1
1345	4.3587581211	4.2672044981	0.0915536230	470	475	67	65
1346	3.1658898078	3.1374974394	0.0283923684	470	475	50	53
1347	3.1959765472	2.9046880178	0.2912885294	470	475	52	52
1354	0.0000000000	0.0000000000	0.0000000000	500	500	1	1
1355	4.2781632334	4.4620631793	-0.1838999460	500	500	49	49
1356	0.0000000000	0.0000000000	0.0000000000	500	500	1	1
1357	3.0898105339	3.1815030871	-0.0916925532	500	500	19	18
1358	4.1224047379	4.1786917205	-0.0562869826	500	500	57	60
1360	3.8476797652	3.8526367244	-0.0049569591	500	500	50	51
1362	3.6967176180	3.6439225536	0.0527950644	500	500	45	45
1364	3.3017024116	3.2139518007	0.0877506109	500	500	37	35
1366	2.7347596655	2.7427266517	-0.0079669862	500	500	28	26
1368	2.2713156226	2.2832348520	-0.0119192294	500	500	16	18
1370	3.5595906750	3.5171748591	0.0424158159	500	500	41	42
1372	3.0393724688	3.0591431231	-0.0197706543	500	500	30	32
1374	2.6124699658	2.6488387693	-0.0363688035	500	500	24	24
1376	4.6381554403	4.7790124770	-0.1408570366	500	500	87	91
1378	4.6037926793	4.6686703198	-0.0648776405	500	500	82	78
1380	4.5985087270	4.7156661772	-0.1171574501	500	500	85	87
1382	3.2648873944	3.3416523373	-0.0767649429	500	500	27	26
1384	4.0605409926	4.1069203351	-0.0463793426	500	500	49	47
1386	3.6668672806	3.7593829220	-0.0925156414	500	500	34	36
1388	2.1299679251	2.2226781858	-0.0927102606	500	500	7	7
1390	4.0498146405	3.9531714242	0.0966432163	500	500	72	73
1392	3.6662498302	3.5774716503	0.0887781799	500	500	62	62
1394	3.3637918666	3.2998072696	0.0639845970	500	500	56	57
1396	2.6457861684	2.5516561716	0.0941299968	500	500	41	41
1398	1.6932612942	1.7267916582	-0.0335303640	500	500	16	17
1400	1.1224804331	1.2309533500	-0.1084729169	500	500	11	11
1402	0.7290142811	0.8971062757	-0.1680919946	500	500	7	6
1404	0.3637720565	0.3113573704	0.0524146861	500	500	3	2
1406	5.2269896242	5.1323332870	0.0946563372	297	305	68	72
1408	4.5106403052	4.5726919123	-0.0620516071	297	305	61	60
1410	3.6828097429	3.9283058642	-0.2454961213	297	305	41	51
1413	2.0485996507	1.9814468506	0.0671528002	500	500	6	6
1414	2.8395484280	2.8188279430	0.0207204850	500	500	10	10
1415	0.6844328072	0.7490593448	-0.0646265376	500	500	2	2
1416	0.5736665364	0.6246538233	-0.0509872869	500	500	2	2
1417	3.6562476268	3.7318712904	-0.0756236636	500	500	17	17
1418	4.1296791176	4.1385838958	-0.0089047782	500	500	21	21
1419	2.8266560084	2.8581774945	-0.0315214861	500	500	9	9
1420	0.0000000000	0.0208140713	-0.0208140713	500	500	1	2
1421	0.1335766620	0.1696077212	-0.0360310592	500	500	5	6
1422	0.0584248553	0.0792215448	-0.0207966894	500	500	3	4
1423	0.0208140713	0.0208140713	0.0000000000	500	500	2	2
1424	0.1375766620	0.1736077212	-0.0360310592	500	500	6	7
1425	0.0584248553	0.0792215448	-0.0207966894	500	500	3	4
1426	0.0208140713	0.0208140713	0.0000000000	500	500	2	2
1427	0.0208140713	0.0000000000	0.0208140713	500	500	2	1
1428	0.0000000000	0.0000000000	0.0000000000	500	500	1	1
1429	0.0000000000	0.0000000000	0.0000000000	500	500	1	1
1430	0.0000000000	0.0000000000	0.0000000000	500	500	1	1
1431	0.0000000000	0.0000000000	0.0000000000	500	500	1	1
1432	0.0000000000	0.0000000000	0.0000000000	500	500	1	1
1433	0.0807931359	0.1391174962	-0.0583243603	500	500	2	3
1434	0.0624248553	0.0376223603	0.0248024950	500	500	4	2
1435	0.0208140713	0.0208140713	0.0000000000	500	500	2	2
1436	0.0960124168	0.1640979462	-0.0680855294	500	500	4	5
1437	0.0529150803	0.0376223603	0.0152927200	500	500	2	2
1438	0.0208140713	0.0208140713	0.0000000000	500	500	2	2
1439	0.0208140713	0.0000000000	0.0208140713	500	500	2	1
1440	0.0000000000	0.0000000000	0.0000000000	500	500	1	1
1441	0.0000000000	0.0000000000	0.0000000000	500	500	1	1
1442	0.0000000000	0.0000000000	0.0000000000	500	500	1	1
1443	0.0000000000	0.0000000000	0.0000000000	500	500	1	1
1444	0.0000000000	0.0000000000	0.0000000000	500	500	1	1
1445	0.0792215448	0.1295766620	-0.0503551172	500	500	4	5
1446	0.0529150803	0.0208140713	0.0321010090	500	500	2	2
1447	0.0208140713	0.0208140713	0.0000000000	500	500	2	2
1448	0.0792215448	0.1223573810	-0.0431358363	500	500	4	4
1449	0.0584248553	0.0208140713	0.0376107840	500	500	3	2
1450	0.0208140713	0.0208140713	0.0000000000	500	500	2	2
1451	0.0208140713	0.0000000000	0.0208140713	500	500	2	1
1452	0.0000000000	0.0000000000	0.0000000000	500	500	1	1
1453	0.0000000000	0.0000000000	0.0000000000	500	500	1	1
1454	0.0000000000	0.0000000000	0.0000000000	500	500	1	1
1455	0.0000000000	0.0000000000	0.0000000000	500	500	1	1
1456	0.0000000000	0.0000000000	0.0000000000	500	500	1	1
1457	0.0416223603	0.0737117698	-0.0320894094	500	500	3	3
1458	0.0208140713	0.0000000000	0.0208140713	500	500	2	1
1459	0.0000000000	0.0000000000	0.0000000000	500	500	1	1
1460	0.0416223603	0.0737117698	-0.0320894094	500	500	3	3
1461	0.0208140713	0.0000000000	0.0208140713	500	500	2	1
1462	0.0000000000	0.0000000000	0.0000000000	500	500	1	1
1463	0.0000000000	0.0000000000	0.0000000000	500	500	1	1
1464	0.0000000000	0.0000000000	0.0000000000	500	500	1	1
1465	0.0000000000	0.0000000000	0.0000000000	500	500	1	1
1466	0.0000000000	0.0000000000	0.0000000000	500	500	1	1
1467	0.0000000000	0.0000000000	0.0000000000	500	500	1	1
1468	0.0000000000	0.0000000000	0.0000000000	500	500	1	1
1469	3.5344278809	3.5276762926	0.0067515883	500	500	13	13
1470	1.5966150484	1.4931082255	0.1035068229	500	500	15	15
1471	1.6854944054	1.6881217919	-0.0026273865	500	500	7	7
1472	3.0815185214	3.0645978259	0.0169206954	500	500	9	9
1473	2.4269707717	2.4592237829	-0.0322530113	500	500	7	7
1474	0.9393127137	0.9634967422	-0.0241840284	500	500	2	2
1475	2.0533870315	2.0071952072	0.0461918243	500	500	6	6
1476	2.6116722838	2.6117038039	-0.0000315201	500	500	8	8
1477	3.5503542871	3.4880419284	0.0623123587	500	500	21	21
1478	3.6286825794	3.5812694307	0.0474131487	500	500	21	21
1479	3.5648591830	3.4649998868	0.0998592961	500	500	21	21
1480	2.7699199162	2.7225233828	0.0473965334	500	500	20	20
1481	3.0235223599	3.0685038673	-0.0449815075	500	500	12	12
1482	2.1380732385	2.0906026300	0.0474706085	500	500	9	8
1483	1.1500444867	1.1428648033	0.0071796834	500	500	5	6
1484	0.9189610585	0.8738324078	0.0451286508	500	500	2	2
1485	1.8421409272	1.8046594429	0.0374814844	500	500	6	6
1486	1.0922329184	1.0710299665	0.0212029519	500	500	5	5
1487	1.4304892340	1.4082811544	0.0222080796	500	500	5	5
1488	2.0284137846	2.0223682247	0.0060455599	500	500	7	7
1489	2.9277440127	2.8951359443	0.0326080683	500	500	21	21
1490	2.9907713175	2.9489895418	0.0417817757	500	500	21	21
1491	2.9259465653	2.8283039936	0.0976425717	500	500	21	21
1492	1.9638564967	1.9850381705	-0.0211816738	500	500	18	18
1493	0.9986030202	0.9902716614	0.0083313588	500	500	2	2
1494	1.6427527589	1.5646252620	0.0781274969	500	500	8	8
1495	0.8091398774	0.7473144179	0.0618254595	500	500	5	5
1496	1.7581255131	1.7625025196	-0.0043770064	500	500	4	4
1497	1.3343519589	1.2903191998	0.0440327591	500	500	4	4
1498	0.7518278664	0.6795728143	0.0722550521	500	500	4	4
1499	0.9852925233	0.9742606391	0.0110318842	500	500	4	4
1500	1.4740423969	1.4884164133	-0.0143740165	500	500	6	6
1501	2.3354027978	2.2499486611	0.0854541367	500	500	21	21
1502	2.3502302619	2.2904404733	0.0597897885	500	500	21	21
1503	2.2561897159	2.2302610288	0.0259286871	500	500	21	21
1504	1.3247896504	1.4546325592	-0.1298429088	500	500	16	16
1505	2.1289354628	2.0033996173	0.1255358455	500	500	9	9
1506	0.8443198938	0.8175770692	0.0267428246	500	500	2	3
1507	0.6269041479	0.5828230135	0.0440811344	500	500	5	5
1508	1.4080747424	1.3728618361	0.0352129063	500	500	3	3
1509	1.0617606661	0.9813552594	0.0804054067	500	500	3	3
1510	0.5899782074	0.5158951529	0.0740830545	500	500	3	3
1511	0.8175551662	0.7266056849	0.0909494813	500	500	3	3
1512	1.2697650441	1.1205518177	0.1492132264	500	500	5	5
1513	2.0465306708	1.7087850089	0.3377456619	500	500	21	21
1514	2.0638734000	1.7293235215	0.3345498785	500	500	21	21
1515	1.9795170766	1.6333181099	0.3461989666	500	500	21	20
1516	1.1341192280	0.9241877473	0.2099314807	500	500	14	14
1517	8.8147647347	8.8707647347	-0.0560000000	500	500	463	477
1518	8.9017842847	8.8722745097	0.0295097750	500	500	484	478
1530	7.4733154080	7.5899526738	-0.1166372658	500	500	244	263
1531	7.4423837648	7.6659353490	-0.2235515842	500	500	236	273
1532	7.4294870028	7.5159383698	-0.0864513670	500	500	240	251
1533	7.4362220038	7.4424022436	-0.0061802398	500	500	240	241
1534	7.4642024806	7.5510704783	-0.0868679976	500	500	241	258
1535	7.4562516002	7.5684170468	-0.1121654465	500	500	243	260
1536	7.4204497236	7.5479902664	-0.1275405428	500	500	249	260
1537	7.5577903406	7.6137468948	-0.0559565541	500	500	256	262
1538	5.8858814591	6.0510540353	-0.1651725762	500	500	133	150
1539	4.6937853049	4.9333862975	-0.2396009926	500	500	79	85
1540	7.3123959977	7.4221257528	-0.1097297550	500	500	224	244
1541	4.0238412235	4.1950022353	-0.1711610118	500	500	42	44
1542	7.1393868514	7.1901667702	-0.0507799188	500	500	202	206
1543	6.1710036922	6.1459764097	0.0250272825	500	500	163	165
1544	4.8939943370	4.9714556002	-0.0774612632	500	500	93	94
1545	5.9081549839	6.2548814962	-0.3467265123	500	500	146	168
1546	6.5098738723	6.6852537701	-0.1753798978	500	500	180	190
1547	6.9831056499	7.1971409182	-0.2140352683	500	500	206	223
1548	7.1689238826	7.3781495722	-0.2092256896	500	500	215	240
1549	7.3614388360	7.3543069489	0.0071318872	500	500	228	224
1550	2.6254412943			147	0	13	0
1551	2.5779674373			119	0	14	0
1553	2.3089795096			35	0	9	0
1554	2.6381901000			94	0	12	0
1558	1.8874830435			33	0	6	0
1562	1.5000000000			4	0	3	0
1564	1.7786291417			147	0	19	0
1565	1.3334069690			119	0	14	0
1567	0.5578544455			35	0	4	0
1568	1.9398084078			94	0	10	0
1572	1.2139811498			33	0	4	0
1576	1.5000000000			4	0	3	0
1578	1.2527199522			147	0	14	0
1579	1.0065021810			119	0	12	0
1581	0.3731399901			35	0	3	0
1582	1.7308503766			94	0	12	0
1586	0.5229784264			33	0	3	0
1590	1.5000000000			4	0	3	0
1592	1.7201075941			147	0	25	0
1593	1.1302031855			119	0	13	0
1595	3.8925912308			35	0	21	0
1596	2.1906654969			94	0	22	0
1600	0.3904521308			33	0	3	0
1604	1.5000000000			4	0	3	0
1606	2.9278912984			92	0	13	0
1607	2.7321588914			33	0	12	0
1608	2.7559113287			21	0	8	0
1609	1.9609640474			10	0	5	0
1610	2.3244093932			18	0	6	0
1611	2.5000000000			8	0	6	0
1614	0.0000000000			1	0	1	0
1616	0.0000000000			1	0	1	0
1620	2.2927666820			92	0	14	0
1621	1.6263088923			33	0	7	0
1622	1.7588427128			21	0	7	0
1623	0.9219280949			10	0	3	0
1624	2.2516291674			18	0	7	0
1625	2.5000000000			8	0	6	0
1628	0.0000000000			1	0	1	0
1630	0.0000000000			1	0	1	0
1634	1.7653126810			92	0	13	0
1635	1.2198052505			33	0	6	0
1636	0.8569957179			21	0	3	0
1637	0.4689955936			10	0	2	0
1638	2.4738513896			18	0	9	0
1639	1.5487949407			8	0	4	0
1642	0.0000000000			1	0	1	0
1644	0.0000000000			1	0	1	0
1648	2.4498884374			92	0	25	0
1649	1.8061400857			33	0	8	0
1650	1.7588427128			21	0	7	0
1651	2.1609640474			10	0	6	0
1652	1.7799500010			18	0	7	0
1653	0.0000000000			8	0	1	0
1656	0.0000000000			1	0	1	0
1658	0.0000000000			1	0	1	0
1662	2.6192034787			227	0	15	0
1663	2.6596154298			188	0	15	0
1665	2.5797538407			68	0	14	0
1666	2.7787949240			170	0	13	0
1670	2.0327513810			59	0	7	0
1674	2.1867043459			11	0	5	0
1676	1.3923740820			227	0	15	0
1677	1.3557608940			188	0	14	0
1679	0.9622012939			68	0	7	0
1680	2.2609310837			170	0	16	0
1684	0.8835295410			59	0	5	0
1688	1.8676338910			11	0	5	0
1690	1.1680915903			227	0	15	0
1691	1.1190940476			188	0	14	0
1693	0.6973177663			68	0	6	0
1694	1.9056446336			170	0	15	0
1698	0.2474781204			59	0	3	0
1702	2.0494520728			11	0	6	0
1704	1.5674500503			227	0	31	0
1705	1.1980329747			188	0	21	0
1707	4.5711040496			68	0	34	0
1708	2.0735817387			170	0	32	0
1712	0.9793601266			59	0	9	0
1716	1.6858157092			11	0	4	0
1718	2.9422216862			161	0	17	0
1719	2.8051806219			61	0	14	0
1720	3.0391486719			42	0	11	0
1721	2.2954656792			26	0	7	0
1722	2.5878790581			46	0	8	0
1723	2.9735572623			15	0	9	0
1726	0.0000000000			1	0	1	0
1728	1.5000000000			4	0	3	0
1732	2.1024434821			161	0	15	0
1733	1.8916078490			61	0	10	0
1734	1.9969379509			42	0	11	0
1735	2.1097379321			26	0	8	0
1736	2.6356286114			46	0	10	0
1737	2.4634582986			15	0	8	0
1740	0.0000000000			1	0	1	0
1742	1.5000000000			4	0	3	0
1746	1.6981524443			161	0	16	0
1747	1.5842883321			61	0	10	0
1748	1.2791058156			42	0	6	0
1749	1.5537651978			26	0	6	0
1750	2.5932578795			46	0	12	0
1751	1.5589385324			15	0	5	0
1754	0.0000000000			1	0	1	0
1756	1.5000000000			4	0	3	0
1760	2.3002252776			161	0	35	0
1761	2.0088976776			61	0	14	0
1762	1.8397765212			42	0	12	0
1763	1.8449875719			26	0	8	0
1764	1.9583445648			46	0	13	0
1765	1.0389205950			15	0	4	0
1768	0.0000000000			1	0	1	0
1770	1.0000000000			4	0	2	0
1774	2.5578535583			298	0	15	0
1775	2.5043862894			263	0	16	0
1777	2.3618967301			119	0	14	0
1778	2.6961099126			240	0	15	0
1782	2.1617627077			90	0	9	0
1786	2.5618482396			23	0	8	0
1788	1.2386413404			298	0	14	0
1789	1.1782198005			263	0	13	0
1791	0.7323222377			119	0	8	0
1792	2.1169959062			240	0	19	0
1796	0.6905333678			90	0	5	0
1800	1.5342190212			23	0	6	0
1802	0.9644280655			298	0	15	0
1803	0.9378508681			263	0	15	0
1805	0.5695702340			119	0	7	0
1806	1.7432122963			240	0	19	0
1810	0.3289778863			90	0	4	0
1814	1.8886333067			23	0	8	0
1816	1.2216479670			298	0	30	0
1817	1.1592214779			263	0	23	0
1819	4.8295892118			119	0	48	0
1820	2.0140033977			240	0	40	0
1824	1.2350843238			90	0	12	0
1828	1.3284807256			23	0	5	0
1830	2.7833018808			222	0	16	0
1831	2.7389321318			99	0	15	0
1832	3.0776582413			65	0	14	0
1833	2.1035109426			40	0	7	0
1834	2.8246804113			82	0	12	0
1835	2.6729928635			32	0	9	0
1836	1.3709505945			5	0	3	0
1838	0.9709505945			5	0	2	0
1840	1.9182958341			6	0	4	0
1844	1.8879518626			222	0	17	0
1845	1.8109438958			99	0	11	0
1846	1.7400830056			65	0	11	0
1847	1.9006457887			40	0	8	0
1848	2.5298588064			82	0	13	0
1849	1.9300416913			32	0	9	0
1850	1.3709505945			5	0	3	0
1852	1.9219280949			5	0	4	0
1854	1.4591479170			6	0	3	0
1858	1.4245933208			222	0	16	0
1859	1.5573491500			99	0	10	0
1860	1.4370050447			65	0	11	0
1861	1.5810196859			40	0	8	0
1862	2.3862092318			82	0	14	0
1863	1.3094873517			32	0	7	0
1864	0.7219280949			5	0	2	0
1866	1.9219280949			5	0	4	0
1868	1.4591479170			6	0	3	0
1872	2.0248075134			222	0	39	0
1873	2.5226027294			99	0	24	0
1874	1.5409263909			65	0	14	0
1875	2.2806389583			40	0	11	0
1876	2.0273576154			82	0	20	0
1877	0.9880636700			32	0	6	0
1878	1.3709505945			5	0	3	0
1880	1.9219280949			5	0	4	0
1882	0.9182958341			6	0	2	0
1886	2.8167042595			78	0	12	0
1887	2.3383668668			219	0	15	0
1888	2.8325218284			248	0	16	0
1889	2.1952555130			348	0	16	0
1890	2.0746536751			88	0	9	0
1891	2.4126047825			39	0	8	0
1893	1.9718771945			78	0	12	0
1894	1.7880972876			219	0	13	0
1895	1.5129013906			248	0	15	0
1896	1.3744434649			348	0	17	0
1897	1.3746901617			88	0	9	0
1898	1.3376687478			39	0	7	0
1900	1.3197160306			78	0	11	0
1901	1.3395584871			219	0	16	0
1902	1.0951550030			248	0	13	0
1903	1.0968628720			348	0	17	0
1904	1.1938978936			88	0	11	0
1905	1.1742490618			39	0	6	0
1907	1.3987333568			78	0	12	0
1908	1.5932063182			219	0	30	0
1909	1.4996869269			248	0	25	0
1910	1.6057525705			348	0	45	0
1911	1.2479307061			88	0	13	0
1912	0.8501782034			39	0	6	0
1914	2.1583564890			31	0	7	0
1915	2.3951745766			118	0	13	0
1916	2.8739408038			123	0	15	0
1917	2.5584328633			222	0	16	0
1918	1.9546097613			30	0	7	0
1919	2.4193819456			9	0	6	0
1921	1.4784401529			31	0	6	0
1922	1.8378254471			118	0	10	0
1923	2.0666261565			123	0	15	0
1924	2.3451190700			222	0	20	0
1925	1.7410477535			30	0	6	0
1926	1.8799649487			9	0	5	0
1928	0.9473759016			31	0	5	0
1929	1.6482744085			118	0	13	0
1930	1.8699928621			123	0	13	0
1931	2.0189685215			222	0	20	0
1932	2.1498698371			30	0	11	0
1933	1.6577427265			9	0	4	0
1935	2.1215015514			31	0	9	0
1936	2.3084545105			118	0	27	0
1937	2.5154735657			123	0	26	0
1938	2.1580747887			222	0	42	0
1939	1.8922718657			30	0	9	0
1940	0.9864267287			9	0	3	0
1942	2.6017839418			383	0	15	0
1943	2.5551473286			344	0	16	0
1945	2.1578082023			169	0	15	0
1946	2.5751985380			314	0	14	0
1950	2.0804414128			125	0	8	0
1954	2.9128067053			41	0	10	0
1956	1.3074765444			383	0	16	0
1957	1.3231635179			344	0	15	0
1959	0.9357389713			169	0	12	0
1960	1.9879500329			314	0	18	0
1964	0.8301733059			125	0	6	0
1968	2.2120320004			41	0	13	0
1970	0.9568110964			383	0	15	0
1971	0.9149854078			344	0	18	0
1973	0.7056146114			169	0	9	0
1974	1.5633868340			314	0	18	0
1978	0.3191693129			125	0	5	0
1982	1.9639702958			41	0	10	0
1984	1.0138054546			383	0	30	0
1985	0.9147976267			344	0	24	0
1987	4.8585028149			169	0	57	0
1988	1.6217252637			314	0	42	0
1992	1.0702114205			125	0	13	0
1996	1.2903596265			41	0	7	0
1998	2.6834418664			309	0	16	0
1999	2.8580298959			146	0	17	0
2000	3.0283279600			104	0	15	0
2001	2.1723767670			64	0	9	0
2002	2.7665063290			120	0	13	0
2003	2.9253049453			69	0	11	0
2004	0.7642045065			9	0	2	0
2006	1.8919954870			13	0	5	0
2008	2.3219280949			10	0	6	0
2012	1.9253752877			309	0	19	0
2013	2.1031781192			146	0	14	0
2014	2.1557334972			104	0	16	0
2015	1.7712005572			64	0	10	0
2016	2.4377695039			120	0	14	0
2017	2.3268580770			69	0	14	0
2018	1.6577427265			9	0	4	0
2020	2.9689185640			13	0	9	0
2022	1.5709505945			10	0	4	0
2026	1.5727447129			309	0	19	0
2027	1.8628744451			146	0	14	0
2028	1.7547448525			104	0	15	0
2029	1.5331926584			64	0	11	0
2030	2.0751528858			120	0	15	0
2031	1.8826117751			69	0	12	0
2032	1.2243944454			9	0	3	0
2034	2.3535339486			13	0	6	0
2036	1.5709505945			10	0	4	0
2040	1.9469200539			309	0	45	0
2041	2.4577323943			146	0	29	0
2042	2.0281677057			104	0	22	0
2043	2.3690318350			64	0	13	0
2044	1.7758982018			120	0	21	0
2045	1.2211386842			69	0	11	0
2046	2.0588138903			9	0	5	0
2048	2.8073904509			13	0	9	0
2050	0.9219280949			10	0	3	0
2054	5.9533554046			800	0	128	0
2055	3.5293648191			119	0	21	0
2056	6.6629106314			1027	0	195	0
2057	3.7869762682			102	0	31	0
2058	6.9192334560			570	0	185	0
2059	3.8758738657			120	0	22	0
2060	10.4278674262			2186	0	1713	0
2061	2.3192929293			531	0	109	0
32841	0.0000000000	0.0000000000	0.0000000000	500	500	1	1
32842	0.0000000000	0.0000000000	0.0000000000	500	500	1	1
32843	0.0000000000	0.0000000000	0.0000000000	500	500	1	1
32844	0.0000000000	0.0000000000	0.0000000000	500	500	1	1
32845	0.0000000000	0.0000000000	0.0000000000	500	500	1	1
32846	0.0000000000	0.0000000000	0.0000000000	500	500	1	1
32847	0.0000000000	0.0000000000	0.0000000000	500	500	1	1
32848	0.0000000000	0.0000000000	0.0000000000	500	500	1	1
32849	0.0000000000	0.0000000000	0.0000000000	500	500	1	1
32850	0.0000000000	0.0000000000	0.0000000000	500	500	1	1
32851	0.0000000000	0.0000000000	0.0000000000	500	500	1	1
32852	0.0000000000	0.0000000000	0.0000000000	500	500	1	1
32853	0.0000000000	0.0000000000	0.0000000000	500	500	1	1
32854	0.0000000000	0.0000000000	0.0000000000	500	500	1	1
32855	0.0000000000	0.0000000000	0.0000000000	500	500	1	1
32856	0.0000000000	0.0000000000	0.0000000000	500	500	1	1
32857	0.0000000000	0.0000000000	0.0000000000	500	500	1	1
32858	0.0000000000	0.0000000000	0.0000000000	500	500	1	1
32859	0.0000000000	0.0000000000	0.0000000000	500	500	1	1
32860	0.0000000000	0.0000000000	0.0000000000	500	500	1	1
32861	0.0000000000	0.0000000000	0.0000000000	500	500	1	1
32862	0.0000000000	0.0000000000	0.0000000000	500	500	1	1
32863	0.0000000000	0.0000000000	0.0000000000	500	500	1	1
32864	0.0000000000	0.0000000000	0.0000000000	500	500	1	1
32865	0.0000000000	0.0000000000	0.0000000000	500	500	1	1
32866	0.0000000000	0.0000000000	0.0000000000	500	500	1	1
32867	0.0000000000	0.0000000000	0.0000000000	500	500	1	1
32868	0.0000000000	0.0000000000	0.0000000000	500	500	1	1
32869	0.0000000000	0.0000000000	0.0000000000	500	500	1	1
32870	0.0000000000	0.0000000000	0.0000000000	500	500	1	1
32871	0.0000000000	0.0000000000	0.0000000000	500	500	1	1
32872	0.0000000000	0.0000000000	0.0000000000	500	500	1	1
32873	0.0000000000	0.0000000000	0.0000000000	500	500	1	1
32874	0.0000000000	0.0000000000	0.0000000000	500	500	1	1
32875	0.0000000000	0.0000000000	0.0000000000	500	500	1	1
32876	0.0000000000	0.0000000000	0.0000000000	500	500	1	1
32877	0.0000000000	0.0000000000	0.0000000000	500	500	1	1
32878	0.0000000000	0.0000000000	0.0000000000	500	500	1	1
32879	0.0000000000	0.0000000000	0.0000000000	500	500	1	1
32880	0.0000000000	0.0000000000	0.0000000000	500	500	1	1
33000	8.1682288672	8.2293667485	-0.0611378813	318	315	295	304
33001	6.6155425541	6.6793306436	-0.0637880895	318	315	222	228
33002	5.3391008698	5.2361732517	0.1029276181	318	315	173	173
33003	4.2053650830	4.3402282824	-0.1348631994	318	315	136	142
33004	3.4773851582	3.3501327183	0.1272524398	318	315	111	108
33005	2.6882712993	2.6400762514	0.0481950479	318	315	86	86
33006	2.3139718139	2.1135689865	0.2004028275	318	315	74	69
33007	2.0548940211	1.8747719092	0.1801221119	318	315	66	61
33008	1.8474741503	1.6047419028	0.2427322474	318	315	59	52
33009	1.5920972144	1.3396448749	0.2524523395	318	315	52	44
33010	1.3590379884	1.0364340629	0.3226039255	318	315	45	34
33011	1.1487343869	0.8842137253	0.2645206616	318	315	38	29
33012	1.0583600536	0.7926889002	0.2656711535	318	315	35	26
33013	0.7926666937	0.6704341824	0.1222325113	318	315	27	22
33014	0.7017241894	0.6398312902	0.0618928992	318	315	24	21
33015	0.6410188708	0.5785788240	0.0624400467	318	315	22	19
33016	0.5498464548	0.5785788240	-0.0287323692	318	315	19	19
33017	0.4889891462	0.4558886306	0.0331005156	318	315	17	15
33018	0.3975906380	0.3944517286	0.0031389094	318	315	14	13
33019	0.3365838436	0.3637105041	-0.0271266606	318	315	12	12
33020	0.3365838436	0.3329541641	0.0036296794	318	315	12	11
33021	0.2755179376	0.2405949469	0.0349229907	318	315	10	8
33022	0.2449629376	0.2405949469	0.0043679907	318	315	9	8
33023	0.1838090802	0.2405949469	-0.0567858667	318	315	7	8
33024	0.1532103166	0.2405949469	-0.0873846302	318	315	6	8
33025	0.1532103166	0.2405949469	-0.0873846302	318	315	6	8
33026	0.1225970586	0.2405949469	-0.1179978883	318	315	5	8
33027	0.1225970586	0.2097786389	-0.0871815803	318	315	5	7
33028	0.1225970586	0.1235898930	-0.0009928344	318	315	5	5
33029	0.1225970586	0.1235898930	-0.0009928344	318	315	5	5
33030	0.1225970586	0.1235898930	-0.0009928344	318	315	5	5
33031	0.1225970586	0.0927143921	0.0298826665	318	315	5	4
33032	0.1225970586	0.0618242118	0.0607728468	318	315	5	3
33033	0.1225970586	0.0618242118	0.0607728468	318	315	5	3
33034	0.1225970586	0.0618242118	0.0607728468	318	315	5	3
33035	0.0919693522	0.0309193989	0.0610499533	318	315	4	2
33036	0.0919693522	0.0309193989	0.0610499533	318	315	4	2
33037	0.0613272433	0.0000000000	0.0613272433	318	315	3	1
33038	0.0613272433	0.0000000000	0.0613272433	318	315	3	1
33039	0.0613272433	0.0000000000	0.0613272433	318	315	3	1
33040	0.0613272433	0.0000000000	0.0613272433	318	315	3	1
33041	0.0306707774	0.0000000000	0.0306707774	318	315	2	1
33042	0.0000000000	0.0000000000	0.0000000000	318	315	1	1
33043	0.0000000000	0.0000000000	0.0000000000	318	315	1	1
33044	0.0000000000	0.0000000000	0.0000000000	318	315	1	1
33045	0.0000000000	0.0000000000	0.0000000000	318	315	1	1
33046	0.0000000000	0.0000000000	0.0000000000	318	315	1	1
33047	0.0000000000	0.0000000000	0.0000000000	318	315	1	1
33048	0.0000000000	0.0000000000	0.0000000000	318	315	1	1
33049	0.0000000000	0.0000000000	0.0000000000	318	315	1	1
33050	4.0413812551	4.1199713707	-0.0785901156	318	315	35	43
33051	3.5512093772	3.6712697059	-0.1200603286	318	315	32	30
33052	3.2329275985	2.9124307421	0.3204968564	318	315	32	30
33053	2.8323718937	2.6982741041	0.1340977896	318	315	32	33
33054	2.2566604020	2.1788480120	0.0778123901	318	315	27	33
33055	1.9554336939	1.8501860894	0.1052476045	318	315	28	26
33056	1.7168369227	1.5112124503	0.2056244723	318	315	26	22
33057	1.4726958554	1.5228578365	-0.0501619811	318	315	23	28
33058	1.5550389799	1.2816523122	0.2733866678	318	315	29	24
33059	1.2401171613	1.0098881121	0.2302290492	318	315	22	20
33060	1.1805131458	0.7854219301	0.3950912157	318	315	24	16
33061	0.9267842026	0.6851181815	0.2416660211	318	315	18	15
33062	0.8642902317	0.5910070395	0.2732831922	318	315	19	12
33063	0.6770868112	0.6032923219	0.0737944893	318	315	15	16
33064	0.5974490835	0.5663246452	0.0311244383	318	315	13	14
33065	0.5681597034	0.5229922367	0.0451674667	318	315	15	12
33066	0.5097367457	0.5137868553	-0.0040501096	318	315	13	13
33067	0.4247175323	0.3883217861	0.0363957463	318	315	11	10
33068	0.3395635611	0.3539600223	-0.0143964612	318	315	9	8
33069	0.2911057791	0.3295680041	-0.0384622250	318	315	9	7
33070	0.2695499521	0.2958335520	-0.0262835999	318	315	7	9
33071	0.2300104611	0.2405949469	-0.0105844857	318	315	7	8
33072	0.1994408263	0.2097786389	-0.0103378126	318	315	6	7
33073	0.1838090802	0.2342457405	-0.0504366603	318	315	7	7
33074	0.1469210085	0.1907310199	-0.0438100114	318	315	5	5
33075	0.0919693522	0.2405949469	-0.1486255947	318	315	4	8
33076	0.1225970586	0.2318492723	-0.1092522137	318	315	5	7
33077	0.1225970586	0.1393557862	-0.0167587276	318	315	5	4
33078	0.1225970586	0.1172406866	0.0053563720	318	315	5	4
33079	0.0919693522	0.1235898930	-0.0316205408	318	315	4	5
33080	0.1163077504	0.1235898930	-0.0072821426	318	315	4	5
33081	0.1225970586	0.0618242118	0.0607728468	318	315	5	3
33082	0.0856800440	0.0618242118	0.0238558322	318	315	3	3
33083	0.0919693522	0.0309193989	0.0610499533	318	315	4	2
33084	0.1225970586	0.0618242118	0.0607728468	318	315	5	3
33085	0.0919693522	0.0309193989	0.0610499533	318	315	4	2
33086	0.0919693522	0.0309193989	0.0610499533	318	315	4	2
33087	0.0613272433	0.0000000000	0.0613272433	318	315	3	1
33088	0.0613272433	0.0000000000	0.0613272433	318	315	3	1
33089	0.0613272433	0.0000000000	0.0613272433	318	315	3	1
33090	0.0613272433	0.0000000000	0.0613272433	318	315	3	1
33091	0.0306707774	0.0000000000	0.0306707774	318	315	2	1
33092	0.0000000000	0.0000000000	0.0000000000	318	315	1	1
33093	0.0000000000	0.0000000000	0.0000000000	318	315	1	1
33094	0.0000000000	0.0000000000	0.0000000000	318	315	1	1
33095	0.0000000000	0.0000000000	0.0000000000	318	315	1	1
33096	0.0000000000	0.0000000000	0.0000000000	318	315	1	1
33097	0.0000000000	0.0000000000	0.0000000000	318	315	1	1
33098	0.0000000000	0.0000000000	0.0000000000	318	315	1	1
33099	0.0000000000	0.0000000000	0.0000000000	318	315	1	1
33200	8.6179602914	8.6452698048	-0.0273095134	430	422	402	406
33201	8.3882002624	8.2860752891	0.1021249733	430	422	383	377
33202	8.0224295937	7.9012537284	0.1211758653	430	422	361	354
33203	7.7667975008	7.6020598520	0.1647376488	430	422	348	337
33204	7.2594307567	7.2964904922	-0.0370597355	430	422	319	319
33205	7.0535194675	7.0947809295	-0.0412614620	430	422	308	309
33206	6.8243989988	6.7648769246	0.0595220741	430	422	296	292
33207	6.5807509891	6.5562580626	0.0244929265	430	422	285	283
33208	6.2633807561	6.4157533320	-0.1523725759	430	422	269	276
33209	6.1133111853	6.0535992313	0.0597119541	430	422	260	259
33210	5.8787912469	5.8001548078	0.0786364392	430	422	250	246
33211	5.7557541874	5.6211212660	0.1346329214	430	422	244	239
33212	5.5376496930	5.4522079433	0.0854417497	430	422	235	231
33213	5.3126372539	5.3247265252	-0.0120892713	430	422	225	225
33214	5.1332086938	5.1537309158	-0.0205222220	430	422	215	217
33215	5.0808469903	5.0462858286	0.0345611616	430	422	214	212
33216	4.9794677328	4.8734890907	0.1059786422	430	422	210	204
33217	4.8089801457	4.6389229658	0.1700571799	430	422	202	194
33218	4.5868894879	4.5075902597	0.0792992282	430	422	194	188
33219	4.4527240336	4.4197303084	0.0329937252	430	422	187	184
33220	4.2403674928	4.3316314832	-0.0912639904	430	422	178	180
33221	4.1749921634	4.2259176066	-0.0509254431	430	422	175	176
33222	3.9342393612	4.0706814279	-0.1364420667	430	422	164	169
33223	3.8289289773	3.9816667691	-0.1527377918	430	422	160	165
33224	3.6872490967	3.9195007510	-0.2322516543	430	422	152	163
33225	3.5858907733	3.7900645160	-0.2041737427	430	422	149	158
33226	3.4971399424	3.6104235303	-0.1132835879	430	422	145	150
33227	3.4749217333	3.5475840808	-0.0726623475	430	422	144	148
33228	3.3859282078	3.3894576009	-0.0035293931	430	422	140	141
33229	3.3413596340	3.2307241112	0.1106355228	430	422	138	134
33230	3.2073707048	3.2307241112	-0.0233534063	430	422	132	134
33231	3.1224631790	3.1169797564	0.0054834226	430	422	129	129
33232	3.1000447813	2.9572402135	0.1428045678	430	422	128	122
33233	3.1000447813	2.8886057785	0.2114390027	430	422	128	119
33234	3.0327212708	2.8427920628	0.1899292080	430	422	125	117
33235	2.9202899862	2.7327983430	0.1874916432	430	422	120	113
33236	2.8752394447	2.6868263984	0.1884130464	430	422	118	111
33237	2.8301447569	2.6408099100	0.1893348469	430	422	116	109
33238	2.7624205807	2.5439051150	0.2185154657	430	422	113	104
33239	2.6719698285	2.4563042300	0.2156655984	430	422	109	101
33240	2.6493302562	2.3406365471	0.3086937091	430	422	108	96
33241	2.4905559534	2.3174710262	0.1730849272	430	422	101	95
33242	2.4450973041	2.1735174315	0.2715798726	430	422	99	88
33243	2.3768315048	2.1085089252	0.2683225796	430	422	96	86
33244	2.2903176619	2.0386684053	0.2516492566	430	422	93	83
33245	2.2903176619	1.9687360383	0.3215816236	430	422	93	80
33246	2.1807840343	1.8567195328	0.3240645015	430	422	89	76
33247	2.1579169099	1.8333383460	0.3245785639	430	422	88	75
33248	2.1350398002	1.8333383460	0.3017014541	430	422	87	75
33249	2.0892557426	1.8099472211	0.2793085215	430	422	85	74
33250	4.3775605217	4.1529834609	0.2245770608	430	422	43	47
33251	4.0802073898	4.0242513783	0.0559560115	430	422	40	45
33252	4.0521164589	3.8826509765	0.1694654824	430	422	43	45
33253	4.0331151925	3.9724314352	0.0606837573	430	422	44	44
33254	3.8000579443	3.7731910405	0.0268669037	430	422	40	44
33255	3.8146208166	3.8060458141	0.0085750026	430	422	44	41
33256	3.7146355563	3.5859111267	0.1287244296	430	422	44	42
33257	3.7450107740	3.7515410353	-0.0065302613	430	422	41	43
33258	3.5345017850	3.4809504947	0.0535512903	430	422	37	36
33259	3.3810357018	3.5111689081	-0.1301332063	430	422	34	39
33260	3.4021765826	3.3971756703	0.0050009123	430	422	39	45
33261	3.4373027835	3.2785126865	0.1587900969	430	422	44	43
33262	3.4195855400	3.2537942519	0.1657912881	430	422	43	42
33263	3.2013097316	3.0966849779	0.1046247536	430	422	39	37
33264	3.1358380967	3.1711756527	-0.0353375560	430	422	39	41
33265	3.0026100545	3.0359487693	-0.0333387148	430	422	34	38
33266	3.0194798932	2.9161038167	0.1033760765	430	422	37	36
33267	3.0056308458	2.8546635871	0.1509672588	430	422	40	40
33268	2.8786082442	2.7893254752	0.0892827690	430	422	38	44
33269	2.8220111039	2.7126679391	0.1093431648	430	422	38	34
33270	2.6185578995	2.5195631762	0.0989947233	430	422	35	33
33271	2.6388231162	2.6757604249	-0.0369373087	430	422	31	36
33272	2.4389998382	2.5697388103	-0.1307389722	430	422	32	33
33273	2.4445958693	2.5467932042	-0.1021973348	430	422	32	37
33274	2.4639588353	2.4389326192	0.0250262161	430	422	34	37
33275	2.4270557198	2.4092676759	0.0177880439	430	422	38	33
33276	2.3667174653	2.3933450273	-0.0266275619	430	422	38	37
33277	2.1533591807	2.3187882000	-0.1654290192	430	422	30	33
33278	2.2802135467	2.1698040841	0.1104094627	430	422	34	34
33279	2.2846207143	2.2058642194	0.0787564948	430	422	30	32
33280	2.2114215809	2.1738023211	0.0376192599	430	422	38	38
33281	2.2039999941	2.2015092915	0.0024907025	430	422	33	38
33282	2.1752009771	1.9060148854	0.2691860917	430	422	37	27
33283	2.1599603208	1.8688448721	0.2911154486	430	422	35	30
33284	2.0230482408	2.0438864247	-0.0208381838	430	422	29	34
33285	1.9088449052	1.8933573348	0.0154875705	430	422	28	29
33286	1.9358291412	1.8440826648	0.0917464763	430	422	31	32
33287	1.9518528980	1.9337526615	0.0181002366	430	422	31	37
33288	1.8958890283	1.9401053951	-0.0442163668	430	422	33	36
33289	1.8192505228	1.7026597186	0.1165908042	430	422	28	27
33290	1.7916315884	1.7385941958	0.0530373926	430	422	27	31
33291	1.7278396295	1.5948566463	0.1329829833	430	422	29	25
33292	1.7495209329	1.5506065534	0.1989143795	430	422	31	30
33293	1.7448892778	1.4708798943	0.2740093835	430	422	32	29
33294	1.6598839821	1.5909792637	0.0689047184	430	422	30	31
33295	1.7251350951	1.3644544063	0.3606806888	430	422	30	31
33296	1.6387452287	1.3628881624	0.2758570663	430	422	31	28
33297	1.5360566334	1.3795408881	0.1565157453	430	422	29	27
33298	1.5418763365	1.3324785256	0.2093978109	430	422	30	27
33299	1.5150955715	1.2567290299	0.2583665416	430	422	26	25
33400	4.4731418895	4.5472010658	-0.0740591764	430	422	54	59
33401	4.5869443055	4.6369125012	-0.0499681957	430	422	55	58
33402	4.4817429902	4.4705255440	0.0112174462	430	422	58	59
33403	4.1306473499	4.3330042755	-0.2023569256	430	422	55	59
33404	3.9157657014	4.0057279625	-0.0899622611	430	422	57	63
33405	3.7488881735	3.4568272932	0.2920608804	430	422	58	52
33406	3.2835741687	3.1687212163	0.1148529524	430	422	56	54
33407	2.8675378913	3.0574001383	-0.1898622469	430	422	55	57
33408	2.6037501473	2.7234986581	-0.1197485108	430	422	55	55
33409	2.2509836628	2.3955172510	-0.1445335881	430	422	44	54
33410	2.0321018050	2.0994245884	-0.0673227834	430	422	51	44
33411	1.8951899678	1.8762797439	0.0189102239	430	422	49	50
33412	1.7326942430	1.3818672995	0.3508269435	430	422	47	37
33413	1.4822595305	1.1048417386	0.3774177920	430	422	43	37
33414	1.3033091512	0.9531965675	0.3501125837	430	422	36	33
33415	1.2448408014	0.8457199892	0.3991208122	430	422	37	30
33416	1.0765421666	0.7249650717	0.3515770949	430	422	33	25
33417	0.9166450921	0.6428397044	0.2738053878	430	422	33	20
33418	0.8074131347	0.5501714956	0.2572416391	430	422	26	20
33419	0.6606792938	0.4593037684	0.2013755253	430	422	25	17
33420	0.5197365970	0.4419088581	0.0778277389	430	422	20	17
33421	0.4755851427	0.3748281404	0.1007570023	430	422	18	15
33422	0.4145517766	0.2596992506	0.1548525260	430	422	14	11
33423	0.4160109491	0.2644385871	0.1515723621	430	422	17	12
33424	0.3217209362	0.2357005698	0.0860203665	430	422	13	10
33425	0.2555698363	0.2164329276	0.0391369087	430	422	11	10
33426	0.2555698363	0.1683941570	0.0871756793	430	422	11	8
33427	0.1846955063	0.1683941570	0.0163013493	430	422	8	8
33428	0.1374061688	0.1683941570	-0.0309879882	430	422	6	8
33429	0.1374061688	0.1155830984	0.0218230705	430	422	6	5
33430	0.1137496213	0.0722179192	0.0415317020	430	422	5	4
33431	0.1137496213	0.0481534128	0.0655962084	430	422	5	3
33432	0.0473838492	0.0481534128	-0.0007695637	430	422	3	3
33433	0.0473838492	0.0481534128	-0.0007695637	430	422	3	3
33434	0.0473838492	0.0240807666	0.0233030825	430	422	3	2
33435	0.0473838492	0.0240807666	0.0233030825	430	422	3	2
33436	0.0473838492	0.0240807666	0.0233030825	430	422	3	2
33437	0.0473838492	0.0240807666	0.0233030825	430	422	3	2
33438	0.0473838492	0.0240807666	0.0233030825	430	422	3	2
33439	0.0473838492	0.0240807666	0.0233030825	430	422	3	2
33440	0.0236958350	0.0240807666	-0.0003849317	430	422	2	2
33441	0.0236958350	0.0240807666	-0.0003849317	430	422	2	2
33442	0.0236958350	0.0240807666	-0.0003849317	430	422	2	2
33443	0.0000000000	0.0000000000	0.0000000000	430	422	1	1
33444	0.0000000000	0.0000000000	0.0000000000	430	422	1	1
33445	0.0000000000	0.0000000000	0.0000000000	430	422	1	1
33446	0.0000000000	0.0000000000	0.0000000000	430	422	1	1
33447	0.0000000000	0.0000000000	0.0000000000	430	422	1	1
33448	0.0000000000	0.0000000000	0.0000000000	430	422	1	1
33449	0.0000000000	0.0000000000	0.0000000000	430	422	1	1
