# slot_id	avg_saliency_grad_norm
1427	0.014421387111
1461	0.0144298232084
1426	0.0144346588853
1439	0.0144383360202
1462	0.0144402447365
1438	0.0144524395207
1425	0.0144619748348
1450	0.0144684534668
1451	0.0144702240035
1449	0.0144853043482
1463	0.0145051763678
1437	0.0145147592338
1474	0.0145201677279
1511	0.0145206026216
1473	0.0145439271913
1510	0.0145512354561
1486	0.0145513569094
1498	0.0145545859964
1484	0.014564743903
1496	0.014573222592
1497	0.0145749416278
1485	0.0145793301899
1499	0.0145796437754
574	0.0145799774536
575	0.0145799774536
616	0.0145799774536
617	0.0145799774536
618	0.0145799774536
619	0.0145799774536
1472	0.0145826328723
1509	0.014588839495
1436	0.0145957244191
1487	0.0145982065434
1508	0.0146063794503
1448	0.0146094091657
1475	0.0146297956398
1460	0.0146396624328
1424	0.0146491054969
32901	0.0147893927006
32902	0.0147893927006
32903	0.0147893927006
32904	0.0147893927006
32905	0.0147893927006
32906	0.0147893927006
32907	0.0147893927006
32908	0.0147893927006
32909	0.0147893927006
32910	0.0147893927006
32911	0.0147893927006
32912	0.0147893927006
32913	0.0147893927006
32914	0.0147893927006
32915	0.0147893927006
32916	0.0147893927006
32917	0.0147893927006
32918	0.0147893927006
32919	0.0147893927006
32920	0.0147893927006
32921	0.0147893927006
32922	0.0147893927006
32923	0.0147893927006
32924	0.0147893927006
32925	0.0147893927006
32861	0.0179701250202
32862	0.0179701250202
32863	0.0179701250202
32864	0.0179701250202
32865	0.0179701250202
32866	0.0179701250202
32867	0.0179701250202
32868	0.0179701250202
32869	0.0179701250202
32870	0.0179701250202
32871	0.0179701250202
32872	0.0179701250202
32873	0.0179701250202
32874	0.0179701250202
32875	0.0179701250202
32876	0.0179701250202
32877	0.0179701250202
32878	0.0179701250202
32879	0.0179701250202
32880	0.0179701250202
852	0.0198870234192
851	0.0198975813502
13	0.0199365117443
1356	0.0199635502584
772	0.0199675239571
1354	0.0199685597425
394	0.0199692104826
261	0.0199696115353
974	0.0199718476986
363	0.0199718990919
274	0.0199722024175
383	0.0199731909283
342	0.0199739097809
386	0.0199744760912
737	0.0199749035348
388	0.0199749233151
392	0.0199749535673
1127	0.0199749616219
395	0.019975023828
380	0.0199752298056
847	0.0199753581424
724	0.0199756095436
771	0.0199757475424
382	0.0199757918472
402	0.0199758556743
1298	0.0199758783545
972	0.0199762082877
367	0.0199763851285
390	0.0199764919295
381	0.0199765231353
1071	0.0199765757163
966	0.0199770273823
387	0.0199770445548
391	0.0199771041494
1296	0.0199780486769
968	0.0199781097984
361	0.0199785369126
775	0.0199785975039
970	0.0199789769428
1141	0.0199791375552
739	0.0199792409086
1155	0.0199796570905
344	0.0199801368698
340	0.0199805014837
336	0.0199809672761
389	0.0199810669704
355	0.0199821877839
330	0.0199825740184
357	0.0199830505663
393	0.0199833788991
1294	0.019983476767
369	0.0199838311405
365	0.0199840562879
729	0.0199841263755
770	0.0199866727426
287	0.0199873536134
300	0.0200002272439
334	0.0200109454266
290	0.0200114019664
277	0.0200130011669
264	0.0200139144208
649	0.0200164117067
845	0.0200165416513
328	0.0200172121223
303	0.0200237514209
427	0.0200239529256
419	0.0200262032373
596	0.0200280054395
384	0.0200293006331
260	0.0200306674203
1263	0.020030914421
583	0.0200323607827
417	0.020032377446
244	0.0200324947261
1153	0.0200330571185
224	0.0200331922256
420	0.0200335536214
607	0.0200337015188
353	0.0200342698429
418	0.0200347705513
584	0.0200348356491
1262	0.0200353973539
397	0.0200356041954
273	0.0200360380017
507	0.020036294065
401	0.0200363792757
960	0.0200368472899
359	0.0200368821876
1159	0.0200369619462
1076	0.0200374276677
203	0.0200374284158
286	0.0200375627566
513	0.0200379056281
1177	0.0200379898215
385	0.020038323422
608	0.0200386873853
1254	0.0200396408676
1131	0.0200397875503
597	0.0200405717615
515	0.0200412919649
379	0.020041479463
408	0.0200417637818
950	0.0200417802611
802	0.0200418834737
1125	0.0200419397065
11	0.0200420670798
814	0.020042370253
378	0.0200424052626
414	0.0200429038711
411	0.0200429244404
1129	0.0200430102336
407	0.0200430655588
199	0.0200430713301
670	0.0200432919333
1154	0.0200435453022
1128	0.0200435838008
396	0.0200436979852
1176	0.0200437457151
1094	0.0200438412315
1157	0.0200441821665
1203	0.0200443097888
234	0.0200444735142
413	0.0200447577921
412	0.0200450998049
398	0.0200453344007
400	0.0200453776016
673	0.0200457464143
1093	0.020045838705
1026	0.0200458607106
299	0.0200459239214
943	0.0200459314758
5	0.0200459605916
777	0.0200464215575
671	0.0200467582586
1104	0.0200469027626
517	0.0200469188165
465	0.0200469561563
1251	0.0200469708574
812	0.0200469757608
1156	0.0200474043356
864	0.0200476083061
490	0.0200476652996
1110	0.0200477097492
915	0.0200478928768
482	0.0200483002413
1392	0.0200484809651
1158	0.0200488709901
1	0.0200489763555
1108	0.0200492333453
399	0.0200493038989
868	0.0200497093042
1378	0.0200500398853
1107	0.0200500913328
492	0.0200502135156
857	0.0200503111353
488	0.0200504296397
1202	0.020050636777
903	0.0200508135466
505	0.0200508704736
1082	0.0200508780713
952	0.0200508802308
873	0.0200509988637
959	0.0200511370116
405	0.0200512869301
816	0.0200513308312
1206	0.0200514315568
457	0.0200515447072
863	0.0200515874905
1027	0.0200516199212
874	0.0200517327808
463	0.0200518363378
425	0.0200521180821
207	0.020052132332
1207	0.0200522995075
406	0.0200523356066
964	0.0200524350759
919	0.0200524949391
1109	0.0200525595114
892	0.0200525967204
1074	0.0200526394454
1095	0.0200526511404
440	0.0200527844532
1250	0.0200528271016
1029	0.0200529795893
886	0.0200529954709
1092	0.0200530262606
1091	0.0200531529128
795	0.0200531971953
867	0.0200533952274
818	0.020053662197
595	0.0200537409745
962	0.0200538805771
539	0.0200538820317
948	0.0200540176747
870	0.0200541266436
1253	0.0200544109457
778	0.0200544496746
511	0.0200545244399
1181	0.0200545269758
954	0.0200545416341
254	0.0200545701881
1105	0.0200546422222
1126	0.0200546872422
1090	0.0200547560669
880	0.0200548298322
1022	0.0200549072267
876	0.0200550225962
888	0.0200553087344
550	0.0200554831567
890	0.0200555546618
990	0.0200556444418
1078	0.0200556727379
956	0.0200557389977
553	0.0200558910065
1355	0.0200560546786
1295	0.0200560606796
1376	0.0200561175833
1180	0.0200562032084
486	0.0200562865978
917	0.0200563819115
480	0.0200563871314
561	0.0200564867594
432	0.0200565874577
1252	0.0200568586388
878	0.0200568889307
779	0.0200569212978
467	0.0200570275801
531	0.0200572227435
1021	0.0200572969511
882	0.0200573093054
693	0.0200573123215
455	0.0200573998176
1030	0.0200574134106
424	0.0200574776211
1130	0.0200575702501
1402	0.0200577039775
594	0.0200581266432
29	0.0200581678674
1023	0.0200581881731
461	0.020058231167
35	0.0200584052583
994	0.0200584900085
872	0.0200585139127
519	0.0200585977883
692	0.0200586129514
416	0.020058720826
993	0.0200589158144
529	0.0200589489693
438	0.0200590097757
871	0.0200590590301
1400	0.020059145984
1028	0.0200592167233
410	0.0200592954549
528	0.0200592960875
958	0.020059352083
442	0.0200595027027
542	0.0200596725133
430	0.0200597981069
981	0.0200598117491
484	0.0200598547476
1036	0.0200599377354
1075	0.0200599813053
218	0.0200599830635
665	0.0200600539385
1025	0.0200601030216
530	0.0200601487813
884	0.0200602263578
27	0.020060268607
564	0.0200603175033
825	0.0200603628874
7	0.0200603681551
220	0.020060397218
980	0.020060494607
986	0.0200605102214
1016	0.0200605380302
409	0.0200605573819
230	0.0200605812475
242	0.0200606502222
494	0.0200607627477
797	0.0200607778815
1024	0.0200607826461
803	0.0200608281183
1079	0.02006082957
984	0.0200609337979
31	0.0200609345607
866	0.0200611240303
820	0.0200611945143
540	0.0200612074061
946	0.020061271562
821	0.0200612758111
503	0.0200612913602
1034	0.0200612918947
1299	0.0200612929513
509	0.0200613245401
541	0.0200613728347
240	0.0200614318347
987	0.0200616747287
769	0.0200617589314
459	0.0200617658818
428	0.0200619220185
669	0.0200621105913
985	0.0200621388095
15	0.0200622147573
422	0.0200622497296
289	0.0200624223479
1205	0.0200625769428
823	0.0200626048236
250	0.0200626234943
415	0.0200626239885
805	0.0200627137086
552	0.0200627232225
995	0.0200627679866
252	0.0200627885648
859	0.0200629075784
1069	0.0200629150011
563	0.0200629235965
1037	0.020062958188
256	0.0200630225796
1031	0.0200630644157
1017	0.0200630726004
855	0.0200630741459
302	0.0200631389794
434	0.0200631722388
1640	0.0200632017666
1228	0.0200632071112
677	0.0200632135904
209	0.0200633258303
853	0.0200633869229
263	0.0200633907766
332	0.020063491621
338	0.020063491621
585	0.020063491621
586	0.020063491621
627	0.020063491621
628	0.020063491621
629	0.020063491621
630	0.020063491621
638	0.020063491621
639	0.020063491621
640	0.020063491621
641	0.020063491621
650	0.020063491621
651	0.020063491621
652	0.020063491621
799	0.020063491621
1552	0.020063491621
1555	0.020063491621
1556	0.020063491621
1557	0.020063491621
1559	0.020063491621
1560	0.020063491621
1561	0.020063491621
1563	0.020063491621
1566	0.020063491621
1569	0.020063491621
1570	0.020063491621
1571	0.020063491621
1573	0.020063491621
1574	0.020063491621
1575	0.020063491621
1577	0.020063491621
1580	0.020063491621
1583	0.020063491621
1584	0.020063491621
1585	0.020063491621
1587	0.020063491621
1588	0.020063491621
1589	0.020063491621
1591	0.020063491621
1594	0.020063491621
1597	0.020063491621
1598	0.020063491621
1599	0.020063491621
1601	0.020063491621
1602	0.020063491621
1603	0.020063491621
1605	0.020063491621
1613	0.020063491621
1615	0.020063491621
1617	0.020063491621
1627	0.020063491621
1629	0.020063491621
1631	0.020063491621
1641	0.020063491621
1643	0.020063491621
1645	0.020063491621
1655	0.020063491621
1657	0.020063491621
1659	0.020063491621
1664	0.020063491621
1667	0.020063491621
1668	0.020063491621
1669	0.020063491621
1671	0.020063491621
1672	0.020063491621
1673	0.020063491621
1675	0.020063491621
1678	0.020063491621
1681	0.020063491621
1682	0.020063491621
1683	0.020063491621
1685	0.020063491621
1686	0.020063491621
1687	0.020063491621
1689	0.020063491621
1692	0.020063491621
1695	0.020063491621
1696	0.020063491621
1697	0.020063491621
1699	0.020063491621
1700	0.020063491621
1701	0.020063491621
1703	0.020063491621
1706	0.020063491621
1709	0.020063491621
1710	0.020063491621
1711	0.020063491621
1713	0.020063491621
1714	0.020063491621
1715	0.020063491621
1717	0.020063491621
1725	0.020063491621
1727	0.020063491621
1729	0.020063491621
1739	0.020063491621
1741	0.020063491621
1743	0.020063491621
1753	0.020063491621
1755	0.020063491621
1757	0.020063491621
1767	0.020063491621
1769	0.020063491621
1771	0.020063491621
1776	0.020063491621
1779	0.020063491621
1780	0.020063491621
1781	0.020063491621
1783	0.020063491621
1784	0.020063491621
1785	0.020063491621
1787	0.020063491621
1790	0.020063491621
1793	0.020063491621
1794	0.020063491621
1795	0.020063491621
1797	0.020063491621
1798	0.020063491621
1799	0.020063491621
1801	0.020063491621
1804	0.020063491621
1807	0.020063491621
1808	0.020063491621
1809	0.020063491621
1811	0.020063491621
1812	0.020063491621
1813	0.020063491621
1815	0.020063491621
1818	0.020063491621
1821	0.020063491621
1822	0.020063491621
1823	0.020063491621
1825	0.020063491621
1826	0.020063491621
1827	0.020063491621
1829	0.020063491621
1837	0.020063491621
1839	0.020063491621
1841	0.020063491621
1851	0.020063491621
1853	0.020063491621
1855	0.020063491621
1865	0.020063491621
1867	0.020063491621
1869	0.020063491621
1879	0.020063491621
1881	0.020063491621
1883	0.020063491621
1892	0.020063491621
1899	0.020063491621
1906	0.020063491621
1913	0.020063491621
1920	0.020063491621
1927	0.020063491621
1934	0.020063491621
1941	0.020063491621
1944	0.020063491621
1947	0.020063491621
1948	0.020063491621
1949	0.020063491621
1951	0.020063491621
1952	0.020063491621
1953	0.020063491621
1955	0.020063491621
1958	0.020063491621
1961	0.020063491621
1962	0.020063491621
1963	0.020063491621
1965	0.020063491621
1966	0.020063491621
1967	0.020063491621
1969	0.020063491621
1972	0.020063491621
1975	0.020063491621
1976	0.020063491621
1977	0.020063491621
1979	0.020063491621
1980	0.020063491621
1981	0.020063491621
1983	0.020063491621
1986	0.020063491621
1989	0.020063491621
1990	0.020063491621
1991	0.020063491621
1993	0.020063491621
1994	0.020063491621
1995	0.020063491621
1997	0.020063491621
2005	0.020063491621
2007	0.020063491621
2009	0.020063491621
2019	0.020063491621
2021	0.020063491621
2023	0.020063491621
2033	0.020063491621
2035	0.020063491621
2037	0.020063491621
2047	0.020063491621
2049	0.020063491621
2051	0.020063491621
276	0.0200635193221
469	0.0200635352729
1226	0.0200635435624
1145	0.0200635733921
453	0.0200636035761
1646	0.0200636325191
1106	0.0200636360101
421	0.0200637059504
1035	0.0200637166683
551	0.0200637385844
807	0.0200637466803
1618	0.0200638408805
1632	0.0200638448683
23	0.0200638468275
262	0.0200638819781
1660	0.0200639457374
1647	0.0200642975237
1744	0.0200643179569
905	0.0200643936348
1255	0.02006442514
33	0.0200644658936
478	0.0200645573323
275	0.0200647045385
1842	0.0200647306751
436	0.0200647348829
1072	0.0200647487554
1404	0.0200647599935
1758	0.0200648208102
1081	0.0200648688283
1077	0.020064876225
301	0.0200649134456
1730	0.0200649279581
809	0.0200649523212
606	0.0200649861367
1229	0.0200650001583
827	0.0200650423731
444	0.0200651860501
931	0.0200652069492
1772	0.0200654573193
865	0.0200655193048
288	0.0200655518849
1661	0.0200656464203
201	0.0200656762938
1633	0.0200656794191
1179	0.0200657999126
1884	0.0200658760558
1870	0.0200658811109
1619	0.0200658872978
222	0.020065979443
562	0.0200660921263
1139	0.020066126381
1142	0.0200661421132
403	0.0200661775909
3	0.0200661830022
1144	0.0200662883403
1843	0.0200664476562
1204	0.0200664537097
232	0.0200665889576
1297	0.0200667705907
1033	0.0200668097897
1174	0.0200668194444
1231	0.0200668839528
869	0.0200670047801
1745	0.0200670381823
55	0.0200670592817
1759	0.0200670616236
1216	0.0200670668121
1214	0.0200671433493
9	0.0200672324518
925	0.0200672413084
404	0.0200673403308
1178	0.020067353969
1032	0.0200676680921
51	0.0200678626395
1388	0.0200678933464
205	0.0200679289287
1731	0.0200680659584
1413	0.0200681172515
423	0.0200681699364
1217	0.0200681867854
1654	0.0200684811482
426	0.0200685009055
1856	0.0200685789599
927	0.0200686655447
2010	0.0200689872692
1773	0.0200691571203
1394	0.0200696715954
1642	0.0200697940361
1073	0.0200699478666
1175	0.0200699947752
1080	0.020070089222
1143	0.0200706050559
1227	0.0200706229166
1644	0.0200708273659
1230	0.0200709096641
1398	0.0200710873282
19	0.0200711876422
1871	0.020071238497
1218	0.0200713886637
1885	0.0200725951486
929	0.0200728074602
246	0.0200735070384
921	0.0200735163613
923	0.0200737669108
2011	0.0200738044995
1140	0.0200740350043
983	0.02007404893
1215	0.0200742958069
667	0.0200752246318
2038	0.0200753526109
1396	0.0200761074604
2024	0.0200761246249
226	0.0200767204989
605	0.0200768533155
1219	0.0200772425907
236	0.0200773425555
1562	0.02008052114
1070	0.02008164806
1626	0.0200819842459
1933	0.0200822334747
1857	0.0200824686182
1612	0.0200832325866
2052	0.0200840552514
1630	0.0200846854911
1766	0.0200853687361
1898	0.0200860487477
2039	0.0200872344689
1840	0.0200872549843
1752	0.0200876868471
1616	0.0200889340792
1658	0.0200901837563
1656	0.0200908129929
1576	0.0200918757909
1836	0.0200936917471
2025	0.0200956896182
1604	0.0200964510853
1628	0.0200970885889
1738	0.0201016567413
1928	0.0201034911449
1724	0.0201057758048
1742	0.0201066405354
1635	0.0201090033488
1756	0.0201092544069
1614	0.0201130292392
836	0.0201150012795
1740	0.0201162146413
1728	0.020116315303
1893	0.0201170703768
1912	0.0201202634927
1590	0.0201209261667
1838	0.0201212034579
1639	0.0201238847165
2053	0.0201239071547
1919	0.0201246681879
1926	0.0201327867512
1688	0.0201343411904
1726	0.0201405460557
1868	0.0201422377791
1636	0.0201432947
1637	0.0201467933715
1770	0.0201472855578
1716	0.0201497206394
2008	0.0201569706077
1754	0.0201576365498
2004	0.020158202542
1651	0.0201620743137
1768	0.0201624774321
1674	0.0201634926698
1864	0.0201682253107
1800	0.0201685693263
1932	0.0201689557455
1702	0.0201764014334
1609	0.0201836615536
1866	0.0201882460145
1894	0.0201959223199
1878	0.0202030249313
1653	0.0202162719781
1940	0.020225249772
1880	0.0202260864794
1623	0.0202263160643
1882	0.0202300159604
1638	0.0202305187888
1625	0.0202378789058
2018	0.0202386132755
1914	0.0202387699677
1921	0.0202430342027
2036	0.0202632890204
1611	0.0202704472429
1833	0.0202758344882
1907	0.0202783634781
1558	0.0202793346873
1897	0.0202808656632
1935	0.0202829248592
1854	0.0202834083831
1586	0.0202950852257
2006	0.0202987179259
1650	0.0203031420262
1622	0.0203051552551
2050	0.020316670158
1850	0.0203172752262
1929	0.0203173516043
1786	0.0203190511793
2032	0.0203204592692
1852	0.020321814932
1652	0.0203257388891
2022	0.0203301165268
2046	0.0203321064059
1572	0.0203323265378
1553	0.0203327132948
1835	0.0203330297438
1735	0.0203437139938
1621	0.0203498592262
1905	0.0203541374802
1737	0.0203590407327
1749	0.0203640762785
1911	0.0203805565355
1607	0.0203864136892
1721	0.0203898067664
1751	0.0203900104071
1918	0.0203965165427
1649	0.0203965671782
1930	0.0203966080949
1608	0.0204044672271
1624	0.0204162458742
1723	0.0204209382683
1567	0.0204262535867
1581	0.020440083649
1831	0.0204490989704
1733	0.0204494838956
1832	0.0204520560621
1763	0.0204830440092
1925	0.0204831245007
1895	0.0205028554575
1044	0.0205099445235
1765	0.0205187011006
1610	0.0205189975946
2034	0.0205215046997
1734	0.0205335526958
1551	0.0205337876071
1896	0.0205724810786
2020	0.0205907930708
1684	0.020624766325
1982	0.0206490700387
1814	0.0206502242533
1908	0.0206538841401
1720	0.0206930040105
1900	0.0207158349846
2048	0.0207229097754
1600	0.020728397127
1634	0.0207377118191
1891	0.0207539721442
1595	0.0207705548769
1719	0.0208023599036
1834	0.0208125472806
1863	0.0208288512412
1736	0.0208291447212
1861	0.0208324621754
1762	0.0208396538936
1679	0.0208446475683
1748	0.0208495211822
1828	0.0208689473218
1916	0.0208696117763
1909	0.0208720493338
1670	0.0208763396389
1915	0.0208843604938
1939	0.0208848359578
1712	0.0208942415441
1875	0.020901393562
1931	0.0209616683826
1747	0.0209821313277
1954	0.0209899624899
1923	0.0209995490736
1877	0.0210070781352
1554	0.0210335608808
1750	0.0210409670165
1722	0.0210429590128
2003	0.0210592054681
1904	0.0210636929197
1648	0.0210941761375
1565	0.0211425181425
1860	0.0211580116688
1796	0.021160667261
1764	0.0211820406888
1782	0.021185853985
1698	0.0212089359193
1922	0.021210022272
1578	0.0212283427365
1859	0.0212430293488
1937	0.0212549155264
2001	0.0212860119925
1568	0.0213291571223
1579	0.0213796567366
1593	0.0213995242972
1582	0.0214593236331
1761	0.021470019891
1847	0.0214834045516
1663	0.0214867439938
1564	0.0214913266872
1845	0.0215074030847
1996	0.0215253776922
1936	0.0215358681183
1968	0.0215557535689
1707	0.0215622348119
1665	0.0215665117437
1620	0.0215760249743
1873	0.0215778624949
1791	0.0216008278243
1862	0.0216858738836
1849	0.0217668917895
1693	0.0217918861529
1902	0.0218434239834
1550	0.0218568534975
1886	0.0218857138306
1874	0.0219820647435
1901	0.0219843052244
2002	0.0220090390025
1606	0.0220142957861
1777	0.0220148536732
2029	0.0220928331053
2015	0.0221355401375
1876	0.0222272241439
1964	0.0223060851966
1705	0.0223692167508
2031	0.0224019850047
1805	0.0224048059782
1810	0.0224122242033
1830	0.0224318056983
1596	0.0224456904273
1846	0.0224946354361
1732	0.0225242569125
1680	0.0225389084549
1890	0.0225908810428
2000	0.0226788070527
1824	0.0227234262769
448	0.0227550261451
456	0.0227732473852
1917	0.022841781034
2017	0.0229073743259
1910	0.0229547781634
1746	0.0229974282466
32841	0.0230014380137
32842	0.0230014380137
32843	0.0230014380137
32844	0.0230014380137
32845	0.0230014380137
32846	0.0230014380137
32847	0.0230014380137
32848	0.0230014380137
32849	0.0230014380137
32850	0.0230014380137
32851	0.0230014380137
32852	0.0230014380137
32853	0.0230014380137
32854	0.0230014380137
32855	0.0230014380137
32856	0.0230014380137
32857	0.0230014380137
32858	0.0230014380137
32859	0.0230014380137
32860	0.0230014380137
458	0.0230389289845
1718	0.0230703240143
1677	0.0230835979584
2045	0.0231259969563
1819	0.0232020138923
2028	0.0232798484628
498	0.0233408687518
1760	0.0233942529039
1676	0.0234188665585
447	0.0234204306919
1924	0.0235314679854
1978	0.0235875523597
1950	0.0236908643746
1592	0.023723855207
2043	0.0237555563179
1848	0.0237644362266
473	0.0238611699292
502	0.0238769563517
1792	0.0239691589572
1959	0.0239885197754
446	0.0239950902311
471	0.0240348498854
1999	0.0241448653385
2042	0.0244271872119
1858	0.0244477328691
2014	0.0244701248579
497	0.0245638801697
1666	0.0245761376973
470	0.0245846060968
2030	0.0246135436717
466	0.0246262303019
1662	0.0247003883416
443	0.0247069717935
449	0.0248704620454
1789	0.0249709857181
475	0.025024765136
2016	0.0250795664273
1803	0.025107585297
1788	0.0251880902664
1945	0.0253323857676
477	0.0253344211346
1887	0.0253657821289
1992	0.0255665281028
1704	0.0256663530826
489	0.0256807807046
2044	0.0256847397983
1938	0.0257196461448
1888	0.0258517024021
464	0.0259015612409
1802	0.0260330694083
487	0.0261212749058
1973	0.026133243944
1903	0.0261349773109
2027	0.0261434627165
1690	0.026164004909
1872	0.0262655716972
1694	0.0263069116164
479	0.0263251157556
1708	0.0266438862667
1778	0.026938574596
1774	0.0269433586311
445	0.0271249410758
462	0.0271851849843
1691	0.0273126297758
1775	0.0273554597958
1844	0.0273734218933
439	0.0273947501577
454	0.0275578105565
441	0.0276471672199
496	0.0276663297821
495	0.027711580095
1987	0.0279816247537
476	0.0280917697899
472	0.0282603719275
460	0.0286181945835
468	0.0287067760724
1971	0.0288089493299
451	0.0289780138686
1998	0.0291713861829
450	0.0294118451611
512	0.0295027845897
1960	0.0299068283265
2013	0.0299402478555
474	0.029991731222
452	0.0300397891987
500	0.0300616814289
1806	0.0305855729472
1816	0.0307798135825
504	0.0310780194934
532	0.0312227740959
2041	0.0316397204888
1956	0.0320230241151
1985	0.0320292005476
491	0.0322798535129
1188	0.0328489779226
1889	0.0329425503547
1817	0.0329753689236
1134	0.0332927797389
1820	0.033491514339
534	0.0337008068483
483	0.033754383588
546	0.0338791603918
1946	0.0341255567314
2026	0.0341486403466
501	0.0345083724046
1318	0.0346674046198
223	0.0347742785393
1310	0.0349361358544
506	0.0352902051949
533	0.0353020542984
1256	0.0354208914962
1942	0.0354983170322
1257	0.035835561976
1309	0.035884694863
481	0.0363668106368
545	0.0366667212187
1970	0.0367898200674
1974	0.0368050003885
1189	0.0368376869129
2057	0.0370664595473
2012	0.037113381786
485	0.0373360633964
221	0.0373759298508
493	0.0375032691162
1246	0.0377541779889
510	0.0379415883484
1943	0.0380607619862
1186	0.0380819938459
1259	0.038120048107
1320	0.0385713710874
535	0.0388251764646
1372	0.0388563172977
544	0.0388770751201
1187	0.0391059598746
543	0.0392154039689
499	0.0393390324248
554	0.039360618313
1319	0.0393786950126
1366	0.0394945142836
1331	0.0396854631325
1360	0.0397352036518
1151	0.0398055410037
1330	0.0405295543161
547	0.040549521122
625	0.0406441437338
1132	0.0406756601257
1244	0.0409075855744
1307	0.0409312567199
1135	0.0410919063557
560	0.0414452019341
1149	0.0414515371367
1133	0.0414877573801
636	0.041496712558
2040	0.041873876864
1270	0.0419226402924
1957	0.0420115363636
1124	0.0420550396947
1150	0.0421833054492
538	0.0421867527045
1408	0.0421945717634
537	0.0424960117707
1362	0.0425228873767
1506	0.0425781274921
1136	0.0428522541841
1453	0.0429214733039
233	0.0429508844049
437	0.0430361316113
1258	0.0430529382707
1152	0.0430701382169
1435	0.0431716666923
231	0.0431864813618
1440	0.0431895142041
626	0.0432603586261
1148	0.0433661472914
536	0.0435729620951
2060	0.0436699088042
241	0.0438394163916
1464	0.043895395264
1504	0.0439236314509
508	0.0439255831935
899	0.0441765813731
257	0.0442030688887
1456	0.0443675647692
1467	0.0443706756202
856	0.0445470711902
1308	0.0445921785506
1364	0.0447084354069
66	0.0447419972986
1492	0.0448286142057
568	0.0449743968536
1446	0.0451467128786
566	0.0452868890797
723	0.045322109887
1291	0.0453323570019
548	0.0453458080507
558	0.045606312648
644	0.0456405277435
225	0.045722135636
1311	0.0457650555948
1122	0.0459145429716
1457	0.0459307646294
632	0.045947197872
1432	0.0460804731528
637	0.0462536040819
1147	0.0462750493269
1201	0.0463749804122
1441	0.0464072145884
1368	0.0464095425534
1235	0.0466001985792
624	0.0466715806331
900	0.0467171607606
1507	0.0467423064029
1374	0.04674440248
1495	0.0467593775267
1466	0.0468684294865
1386	0.0468701991611
269	0.0469432767758
549	0.0471098173955
1260	0.0472011929919
2059	0.0472239572155
1459	0.0472568170891
104	0.0475278764368
559	0.0475539278032
1434	0.0476149938334
711	0.0477252477254
1454	0.0478067449128
1455	0.047922234549
620	0.0479803647622
1248	0.048029483578
1358	0.0480402314346
247	0.0480770818598
569	0.0481846708647
1483	0.0482154226016
1322	0.0482870425942
1489	0.0483274142021
754	0.0483592625748
1332	0.0485938009056
555	0.0487114573149
1370	0.0489223445936
1988	0.0489468551122
726	0.0489495050016
272	0.049057136234
1237	0.0490786178946
81	0.0492030390802
1488	0.0492121464672
227	0.049243820329
1236	0.049370302544
645	0.0493878112819
73	0.0494552756882
251	0.0496372822682
643	0.0498403958372
635	0.04986901509
1984	0.049992249218
1382	0.0501332585416
1198	0.0501513245136
1452	0.0502089930005
1293	0.0503795446969
642	0.0504421971975
1213	0.0505159530514
1271	0.0505196184142
1465	0.0506142789239
1513	0.0506342684184
1306	0.0506734430586
1502	0.0506803975413
1137	0.0506845308657
634	0.0507832903549
728	0.0508058726267
633	0.0508370970149
271	0.0508530658302
188	0.050983213231
33048	0.0510229434354
33034	0.0510283506833
33042	0.0510298753687
33027	0.0510304594871
33032	0.0510313925535
33033	0.0510318304712
33043	0.0510319086916
33049	0.051032050025
33040	0.0510339841516
33035	0.051034629735
33045	0.0510356492165
33038	0.0510361868637
33041	0.0510367474291
33036	0.0510386852123
33046	0.0510390050136
100	0.0510393875251
33037	0.0510396072866
33031	0.051041655297
33039	0.0510418816931
33028	0.0510432605876
33044	0.0510445762002
33047	0.0510500074465
33026	0.0510503210125
33029	0.0510532309774
33023	0.051054728144
33030	0.0510562117134
33024	0.0510565858033
33025	0.0510611575305
33020	0.0510736737724
33021	0.0510767983938
33022	0.0510777475821
33019	0.0510813921859
33018	0.0510981058416
33017	0.0511015345557
33016	0.0511131612705
33015	0.0511305645788
33014	0.0511530088386
1121	0.0511603706112
33013	0.0511659806049
1138	0.0511672469373
1200	0.051175403112
33011	0.051214158523
33012	0.0512148612677
33010	0.0512690417966
33009	0.0513208847961
33008	0.0513768432849
1321	0.0514063038989
565	0.0514524351937
33007	0.0514733311709
1224	0.051530640734
33006	0.0515895181325
557	0.0515959566662
74	0.0516508629784
1123	0.0516586549226
1199	0.0516819799402
750	0.0516875713554
33005	0.0517329351398
33004	0.0519252275931
248	0.0519426536492
758	0.0519687525438
1480	0.0521584683468
1447	0.0521753431778
33003	0.0522190991264
1055	0.0523416456244
315	0.0524001526191
294	0.0524598784373
1292	0.0524823305763
1458	0.0525603673058
646	0.0525818266579
33002	0.0526077464597
1410	0.0526533193323
556	0.0528121156678
705	0.0529455629936
736	0.052962211286
235	0.0530956406915
268	0.0531805403776
33001	0.0532094097041
1490	0.053452894049
189	0.053651557817
278	0.0537732085361
2055	0.0538229793224
1491	0.0538917554375
1099	0.0539118816774
1290	0.0539379579667
1208	0.0540716079577
33000	0.0540808066014
102	0.0541464573597
1468	0.0542955633492
1493	0.0543047734416
1197	0.0545248203452
631	0.054682250238
1433	0.0547850420687
282	0.0548183838728
1146	0.0548854172476
1442	0.0554278617419
1212	0.0554852370264
1272	0.0555876856072
72	0.0556061684344
1185	0.0556203813141
523	0.0556915573595
1261	0.0557443000874
190	0.0558536820884
245	0.055999660566
738	0.0562502005042
239	0.0563683044675
710	0.0563743901308
1288	0.0564114272399
755	0.0564973536418
1501	0.0565957244534
337	0.0566701127287
648	0.0567192780891
237	0.0568474160029
1494	0.0568983134695
973	0.0569061936785
1500	0.056956915514
967	0.0569843078737
1323	0.0571919667402
186	0.057328762409
1503	0.0575330957667
1247	0.0575375454738
1269	0.0575525575724
1225	0.0576763063308
339	0.0577582243769
335	0.0577801624032
296	0.0579077841277
1196	0.0579087470464
1233	0.0579130441917
1232	0.0579410058266
280	0.058030411436
1429	0.058046929079
1445	0.0581086418374
567	0.0581993639019
957	0.0582199418611
259	0.0582280098481
255	0.0582966646394
348	0.0583670555737
360	0.0584171293937
969	0.0586038965812
656	0.0587194032138
1048	0.0594030181384
70	0.0595336493244
1249	0.0596181287881
187	0.0596615772163
982	0.0598176693451
706	0.0601074663699
196	0.0601963660426
2058	0.0602197611559
971	0.0602814267402
433	0.0604415467777
1289	0.0605512762371
1512	0.0606624640635
860	0.061040759679
284	0.0611215625301
1234	0.0611540403577
1430	0.0611846178932
1056	0.0612030106345
45	0.0612273126719
349	0.0613162844377
647	0.0613475752782
1443	0.0614147308774
1211	0.061487309443
808	0.0615201081973
659	0.061522418067
514	0.0615533667139
718	0.061576178331
185	0.0617358188857
1516	0.0619439052167
1266	0.0622328302114
947	0.0623503393037
1245	0.0625358302135
522	0.0628544229502
180	0.0630181896689
806	0.063059470693
810	0.0631902663003
746	0.0632194652701
883	0.0633502644629
58	0.0634981817061
1344	0.0636710211214
156	0.0636744555682
98	0.0637489884662
824	0.0639617144882
989	0.064013771195
249	0.0641530445386
354	0.0642313945567
192	0.0642325516889
1431	0.0642605420752
822	0.0643407315194
761	0.0645641164888
621	0.0645734720166
1416	0.0646798970018
341	0.0647147509296
358	0.0650174032024
875	0.0650312279165
362	0.0650910312263
725	0.0651287977022
364	0.065200450389
1345	0.0653530541533
243	0.0655617006223
297	0.0655818838771
1096	0.065668563569
732	0.065715735688
281	0.0659336300701
298	0.0659804077217
1051	0.0660975041992
614	0.0662450129777
1428	0.066324968506
801	0.0663894710263
191	0.0664753582331
712	0.066698404641
1477	0.0667152786093
709	0.0667350505666
924	0.0667994651748
429	0.0668345851325
267	0.0669100530677
1406	0.0669138672665
1047	0.0669702869744
181	0.0670047495012
702	0.0670221351215
811	0.0670535765084
1346	0.0670659150266
377	0.0671271426939
333	0.0671412191236
253	0.0672279452216
1417	0.0675255170271
283	0.0676012016388
1238	0.0676941076659
879	0.0679410783741
1479	0.067961870374
318	0.0680755023995
270	0.0681207619011
1097	0.0682077918475
828	0.0682382093873
804	0.0682951097262
887	0.0686233801155
238	0.0686731627892
1384	0.0688425053882
893	0.0688958851994
826	0.068970106228
587	0.0690100732162
229	0.0690545536696
622	0.0690984294013
184	0.0691647907988
1273	0.0692270523111
612	0.0692570397858
17	0.0693950441193
183	0.0694598465198
370	0.0695543599561
979	0.0695857542301
707	0.0697254424395
285	0.0697418852691
350	0.0697531001947
570	0.0699474884968
991	0.0700111179587
699	0.0701546989793
1241	0.0701549507941
25	0.0701742310304
1221	0.0701981771352
158	0.0702077603816
210	0.0703162486058
368	0.0704881974092
527	0.0705533957268
198	0.0706171219071
94	0.070762495969
1057	0.0708189140383
934	0.0708351538287
71	0.0708918493505
366	0.0708958254333
1342	0.0710150686392
356	0.0710974784636
258	0.0711274508767
819	0.0711384349654
615	0.0711843905052
756	0.0712612913893
743	0.0712766092945
59	0.0713592564498
319	0.0713655640319
918	0.0715245386961
211	0.0715946884364
1223	0.0716436426326
928	0.0716808890088
1268	0.0717174901764
320	0.0717676112637
1118	0.0718341827145
611	0.0720440451038
1119	0.072057953755
431	0.0721105788857
1060	0.0721434543769
603	0.0722755953385
1054	0.072366869118
716	0.0728312463623
331	0.0728768430789
228	0.0729310938052
295	0.0730031155561
293	0.0730097199633
1347	0.0732438834569
610	0.0733181829322
1415	0.0733666842218
658	0.0736083096342
343	0.0737065321584
961	0.0737135142357
1514	0.0737714898989
730	0.0738067428056
580	0.073829341164
1098	0.0738800719989
69	0.073936874798
352	0.0740306092966
52	0.0741866720271
759	0.0742137647402
897	0.0742634633183
1209	0.0743734732301
916	0.0744824670648
623	0.0748336579513
757	0.0748476484118
2	0.0749938437469
1444	0.0750930287984
895	0.0751409838747
2056	0.0752540939355
313	0.0753679583932
798	0.0754179036778
1220	0.0754370695442
1061	0.0756987717721
54	0.075803383852
1267	0.0758342397414
90	0.075893677799
1222	0.0760241435175
708	0.0761814489268
653	0.0762606122369
1515	0.0764585506841
975	0.0765360615008
813	0.0765696685293
1120	0.0766803415308
1343	0.0767649916371
1058	0.0767670760678
371	0.0769926305798
435	0.0770494646037
525	0.0771197670948
1242	0.0771574255499
1210	0.077317154422
44	0.0773506916365
1334	0.0776678731664
1335	0.0776829647733
1240	0.0777285189949
208	0.0779487545765
317	0.0780950589806
600	0.0781410234793
292	0.0782360175459
588	0.0783378172427
2061	0.0783489596465
613	0.0783793338859
520	0.078516395926
722	0.0786671814876
609	0.0787160034829
1100	0.079057446992
518	0.0791498036715
1103	0.0793103354645
955	0.0796367288014
1059	0.0796995427887
944	0.0797445253749
914	0.0797818836363
592	0.0801598850717
1243	0.0802364827137
308	0.0802419085381
200	0.0802481104423
316	0.0803684187444
760	0.0805822955549
1478	0.0805858702395
265	0.080652150283
1423	0.0806729548786
266	0.0806806795545
581	0.0808213998344
1482	0.080995349538
56	0.0810058720334
891	0.0812139501724
92	0.0813698699022
1380	0.0814315955171
311	0.0816824482899
1333	0.0816919482727
1505	0.0817108578382
50	0.0817654191508
329	0.0817719122193
988	0.0822139469035
1239	0.0822210800244
84	0.0822701361233
279	0.0830393344103
91	0.0831327567598
704	0.0831671065188
703	0.0832327545895
922	0.0833599642811
591	0.0836344328359
30	0.0836633982811
889	0.0838468760772
291	0.0838908531292
1476	0.0842244174236
204	0.0844186625979
843	0.0845379130807
655	0.0845839710151
345	0.0847174521108
571	0.0847707120863
1162	0.0848373235502
351	0.085135487555
1160	0.0851489260449
80	0.085320081223
182	0.0857807596281
307	0.0859873434337
101	0.0860683551993
206	0.0861418254717
219	0.086149048982
700	0.0863387506706
945	0.0863487106406
96	0.0864866978878
933	0.0866039980077
599	0.0866381040874
751	0.0868784128949
604	0.0874268553868
93	0.0874604141383
949	0.0883365966072
18	0.0884378648308
347	0.0884446580817
800	0.0885154138069
589	0.0887163295245
526	0.0890005846705
194	0.0890338371109
6	0.0892981626792
938	0.0895824246142
577	0.0898293452203
1052	0.0899103455297
848	0.0899423300056
97	0.0904549214645
1046	0.0904858290406
376	0.0905023714954
21	0.0907756124881
1183	0.0907849915058
1053	0.0914264125977
16	0.0918338645236
815	0.0920643002841
12	0.0921816169398
951	0.0923301411637
1050	0.0923447688153
516	0.0924112694376
1481	0.0925981424135
521	0.0925983837767
749	0.0926139649095
1101	0.0930493898931
731	0.0931580325102
375	0.0933136058845
598	0.0937012665417
1184	0.0941193562113
735	0.0943583674251
753	0.0948920701486
714	0.0954528546012
1102	0.0955844815579
37	0.0956318097744
963	0.0956675335539
86	0.096027966021
764	0.0963659081312
977	0.0967553438356
312	0.0970996009991
28	0.0975196328728
698	0.0975782307494
582	0.0976233768603
590	0.0977426833868
79	0.0979125459857
576	0.0981689732424
601	0.0981853080686
372	0.0982441525252
1421	0.098756139679
740	0.0988047151256
1064	0.0997466196519
965	0.100498989411
60	0.100751313784
1049	0.100770348374
742	0.10182562461
524	0.102081709457
314	0.102169511326
304	0.10276853803
817	0.102858674254
602	0.103708108206
1419	0.104386533032
745	0.104524889654
164	0.104926894679
762	0.105637924196
202	0.106039499555
696	0.106102488283
840	0.106408037929
373	0.106596224464
593	0.106745872309
911	0.107175406816
920	0.107414433151
862	0.107797614648
42	0.107876432024
61	0.107917416959
1418	0.108134887064
78	0.108221383789
881	0.109114208852
942	0.109534546998
1161	0.109963895132
374	0.110105916671
796	0.110250718884
695	0.110307695139
1470	0.110466066
578	0.111278842355
1063	0.111344689894
1062	0.112000425606
719	0.112367415418
752	0.112374825792
20	0.114116107655
36	0.114326916312
657	0.114514892333
733	0.114697991186
346	0.114785646132
1414	0.115036303369
1357	0.115518476891
858	0.116412728435
8	0.118244420071
57	0.118335485988
1265	0.119635278952
846	0.119662587876
908	0.121226653084
1264	0.122841199488
43	0.123086924853
877	0.123525591222
65	0.124207919745
46	0.124434437255
747	0.12512438866
910	0.126043645981
831	0.126218669738
1166	0.126259936977
163	0.126528471491
579	0.126723816904
161	0.127144033266
41	0.127551064484
734	0.12790354353
88	0.128031756696
834	0.12955570816
33299	0.130795194052
33298	0.130865850943
33297	0.130903249624
33296	0.130925484803
33295	0.131000702579
33294	0.131033870698
33293	0.131116054742
33292	0.131146376494
33291	0.131197400036
33290	0.131307807483
33289	0.131381717757
33288	0.131434830044
33287	0.131507725076
33286	0.131616221942
654	0.131645346818
33285	0.131711766828
33284	0.13181637506
936	0.131893678393
33283	0.131933841292
33282	0.132044271582
33281	0.132191254762
1471	0.132319347561
33280	0.132326258284
33279	0.13247711559
33278	0.132653912989
33277	0.13280224142
33276	0.132989189004
33275	0.133190518098
33274	0.133412673854
33273	0.133666598728
33272	0.133939502962
913	0.133945400581
1066	0.134085130348
33271	0.134238089849
33270	0.134574322708
776	0.134911673244
33269	0.134928463839
83	0.13496092983
763	0.134962077325
697	0.135292471615
33268	0.135367057222
33267	0.135768175586
930	0.136045586956
33266	0.136288223252
33265	0.136817822814
33264	0.137444833002
33263	0.138160822545
1045	0.138250619829
748	0.13844670608
713	0.138649527176
33262	0.13897245245
82	0.138986636328
159	0.139717464006
33261	0.139875596752
694	0.140158353563
33249	0.140391646493
33248	0.14044432316
33247	0.140482676809
33246	0.140537180427
1182	0.140572769045
33245	0.140596023839
33244	0.140680094638
33243	0.140702289572
33242	0.140778204356
33241	0.140856154111
33260	0.140911467324
33240	0.140938021189
33239	0.141015034246
33238	0.141103614282
33237	0.141188131509
33236	0.141315044193
33235	0.141387842701
33234	0.141541094775
33233	0.141648883585
33232	0.14184058681
33231	0.141963057973
33230	0.142104067506
33259	0.142152981811
33229	0.14224523005
33093	0.142264753825
33099	0.142288163591
33095	0.142289013369
33088	0.142290975327
33098	0.142292373414
33084	0.142292422984
33094	0.142296474157
33083	0.142296762275
33076	0.142298994767
33096	0.14230026088
33092	0.142304689705
33078	0.142306880972
33090	0.142309880457
33081	0.142311263073
33085	0.142311441466
33077	0.142313888864
33079	0.142319309822
33082	0.142320750797
33091	0.142321778527
33086	0.142324506418
33097	0.14232681297
33087	0.142328523865
33089	0.142332326422
33073	0.142338085006
33072	0.142342534087
33074	0.142349863335
33071	0.142351666497
33075	0.142352067747
33080	0.142358110351
33070	0.142359496534
33068	0.142373895162
33066	0.142383546968
33069	0.142384509005
33065	0.142396091648
33067	0.142412213146
33064	0.142418949502
1164	0.142442499133
33063	0.142469764244
33228	0.142474945969
33062	0.142519044428
33061	0.142533558806
33060	0.142609665094
33227	0.142627923935
33059	0.142734877159
33058	0.142801888049
33226	0.142834179063
33057	0.142951919277
162	0.142992350352
940	0.14306342895
33225	0.143079764477
33056	0.143144341312
33224	0.143336010597
33055	0.143393107202
33258	0.143515960402
33223	0.143581773658
33054	0.143750351406
33222	0.143906709235
841	0.144142348662
33221	0.144153706813
33053	0.144280012439
33220	0.144528806009
33219	0.144928451914
33052	0.145000378078
310	0.145155320776
33257	0.145207975186
33218	0.145396595993
33217	0.14583259963
53	0.145957005197
33051	0.146078770436
741	0.146226215753
33216	0.146351493802
1163	0.146818984261
33215	0.146928857331
33256	0.147193194124
744	0.147507203984
33214	0.147603242839
33050	0.147713971516
33213	0.148349132271
1390	0.148463888551
1068	0.149087010165
33212	0.149177639441
33255	0.149618244596
1420	0.149724184534
49	0.149740657301
33211	0.150084461445
904	0.150699505622
4	0.15096492066
33210	0.151213049194
837	0.152262180008
33209	0.152474403415
33254	0.152560519213
33208	0.153924871608
33207	0.155608935044
33253	0.156361087614
727	0.156879917608
953	0.15688030996
33206	0.157651688707
22	0.157790855612
62	0.158236124832
87	0.158760578649
33205	0.160154190617
773	0.161093182842
33252	0.161332300443
14	0.161335368916
1422	0.162057133994
33204	0.163167798606
717	0.16324469105
167	0.16401541519
2054	0.165106034186
32	0.166471660622
1165	0.166551277867
64	0.166562836762
33203	0.167012107437
33251	0.168287392087
33449	0.171666519074
33443	0.171677816982
33438	0.17168519481
33436	0.171687829119
33432	0.171688387941
33444	0.171695669703
33445	0.171696724986
33442	0.171699784607
33439	0.1717012956
33441	0.171705374285
33448	0.17170542191
33437	0.171706346972
33433	0.171715836102
33446	0.171724623457
33435	0.17172673724
33431	0.171730655809
33440	0.17173809941
33447	0.171746637339
33434	0.171750076805
33429	0.171752160807
33430	0.17176893942
33427	0.171778602318
33428	0.171813654378
33426	0.171861345741
33425	0.17189984615
33424	0.17192482903
33423	0.171965369809
33422	0.172035362294
33202	0.172077703315
33421	0.172182667252
33420	0.172221756415
33419	0.172493117023
33418	0.172631818313
33417	0.17287559466
33416	0.173119179733
33415	0.1734325855
33414	0.173810680934
33413	0.1743894843
906	0.174903405536
33412	0.175023682205
10	0.175654236181
33411	0.175873071361
33410	0.176892503412
33409	0.178148751978
33201	0.179136885967
33250	0.179155802123
33408	0.179740571463
306	0.180875684579
932	0.181143044906
33407	0.181730724297
33406	0.184231093058
885	0.185596673203
1469	0.186511677318
33405	0.187269416433
33200	0.190185633521
33404	0.191160185931
926	0.193180141256
160	0.193678460929
33403	0.195833397843
774	0.19651308939
48	0.199116445134
854	0.2009486492
1065	0.201046442211
33402	0.201671268866
77	0.205918410114
33401	0.208863913209
861	0.213296142562
33400	0.217381700783
907	0.217636621502
309	0.219542608946
63	0.222157882964
34	0.225901525293
40	0.227552984151
75	0.229129086805
38	0.229847139579
1067	0.230444031596
1518	0.253656232333
832	0.270105156253
24	0.28553762721
85	0.309256426331
305	0.317374738648
76	0.335154445385
902	0.351434830738
67	0.393109856321
1517	0.460056883705
39	0.499693466464
68	0.647407271627
